time,steer,accel,brake,gear,speedX,trackPos,angle,rpm,damage
0.003,0.000,0.150,0.000,1,-0.01,0.333,0.008,5258,0.0
0.030,0.000,0.277,0.000,1,-0.01,0.333,0.008,5300,0.0
0.056,0.000,0.386,0.000,1,-0.01,0.333,0.008,5358,0.0
0.058,0.000,0.478,0.000,1,-0.01,0.333,0.008,5431,0.0
0.088,0.000,0.556,0.000,1,-0.01,0.333,0.008,5517,0.0
0.120,0.000,0.623,0.000,1,-0.01,0.333,0.008,5616,0.0
0.122,0.000,0.679,0.000,1,-0.01,0.333,0.008,5726,0.0
0.148,0.000,0.728,0.000,1,-0.01,0.333,0.008,5846,0.0
0.174,0.000,0.768,0.000,1,-0.01,0.333,0.008,5975,0.0
0.176,0.000,0.803,0.000,1,-0.01,0.333,0.008,6114,0.0
0.203,0.000,0.833,0.000,1,-0.01,0.333,0.008,6262,0.0
0.229,0.000,0.858,0.000,1,-0.01,0.333,0.008,6419,0.0
0.255,0.000,0.879,0.000,1,-0.01,0.333,0.008,6584,0.0
0.257,0.000,0.897,0.000,1,-0.01,0.333,0.008,6757,0.0
0.283,0.000,0.913,0.000,1,-0.01,0.333,0.008,6938,0.0
0.309,0.000,0.926,0.000,1,-0.01,0.333,0.008,7127,0.0
0.336,0.000,0.937,0.000,2,-0.01,0.333,0.008,7324,0.0
0.338,0.000,0.946,0.000,2,-0.01,0.333,0.008,7529,0.0
0.364,0.000,0.954,0.000,2,-0.01,0.333,0.008,7742,0.0
0.390,0.000,0.961,0.000,2,-0.01,0.333,0.008,7964,0.0
0.417,0.000,0.967,0.000,2,-0.01,0.333,0.008,8193,0.0
0.419,0.000,0.972,0.000,2,-0.01,0.333,0.008,8431,0.0
0.446,0.000,0.976,0.000,2,-0.01,0.333,0.008,8677,0.0
0.472,0.000,0.980,0.000,2,-0.01,0.333,0.008,8932,0.0
0.498,0.000,0.983,0.000,2,-0.01,0.333,0.008,9196,0.0
0.500,0.000,0.985,0.000,2,-0.01,0.333,0.008,9469,0.0
0.527,0.000,0.988,0.000,2,-0.01,0.333,0.008,9746,0.0
0.553,0.000,0.989,0.000,2,-0.01,0.333,0.008,10023,0.0
0.579,0.000,0.991,0.000,2,-0.01,0.333,0.008,10301,0.0
0.581,0.000,0.992,0.000,2,-0.01,0.333,0.008,10579,0.0
0.607,0.000,0.994,0.000,2,-0.01,0.333,0.008,10858,0.0
0.636,0.000,0.994,0.000,2,-0.01,0.333,0.008,11137,0.0
0.638,0.000,0.995,0.000,2,-0.01,0.333,0.008,11416,0.0
0.670,0.000,0.996,0.000,2,-0.01,0.333,0.008,11695,0.0
0.696,0.000,0.997,0.000,2,-0.01,0.333,0.008,11975,0.0
0.698,0.000,0.997,0.000,2,-0.01,0.333,0.008,12255,0.0
0.725,0.000,0.998,0.000,2,-0.01,0.333,0.008,12535,0.0
0.753,0.000,0.998,0.000,2,-0.01,0.333,0.008,12815,0.0
0.780,0.000,0.998,0.000,2,-0.01,0.333,0.008,13096,0.0
0.781,0.000,0.998,0.000,2,-0.01,0.333,0.008,13379,0.0
0.808,0.000,0.999,0.000,2,-0.01,0.333,0.008,13663,0.0
0.837,0.000,0.999,0.000,2,-0.01,0.333,0.008,13948,0.0
0.839,0.000,0.999,0.000,2,-0.01,0.333,0.008,14234,0.0
0.870,0.000,0.999,0.000,2,-0.01,0.333,0.008,14522,0.0
0.896,0.000,0.999,0.000,2,-0.01,0.333,0.008,14810,0.0
0.898,0.000,0.999,0.000,2,-0.01,0.333,0.008,15100,0.0
0.925,0.000,1.000,0.000,2,-0.01,0.333,0.008,15391,0.0
0.953,0.000,1.000,0.000,2,-0.01,0.333,0.008,15683,0.0
0.981,0.000,1.000,0.000,2,-0.02,0.333,0.009,16271,0.0
1.010,0.000,1.000,0.000,2,0.18,0.333,0.009,5249,0.0
1.037,0.000,1.000,0.000,2,0.15,0.333,0.009,5264,0.0
1.040,0.000,1.000,0.000,2,0.13,0.333,0.009,5236,0.0
1.071,0.000,1.000,0.000,2,0.76,0.333,0.009,5236,0.0
1.103,0.000,0.850,0.000,2,1.44,0.333,0.009,5236,0.0
1.106,0.000,0.872,0.000,2,1.88,0.333,0.009,5236,0.0
1.137,0.000,0.742,0.000,2,2.44,0.333,0.009,5236,0.0
1.140,0.000,0.780,0.000,2,2.96,0.333,0.009,5236,0.0
1.171,0.000,0.813,0.000,2,3.49,0.333,0.009,5236,0.0
1.203,0.000,0.841,0.000,2,4.05,0.333,0.009,5236,0.0
1.206,0.000,0.865,0.000,2,4.66,0.333,0.009,5236,0.0
1.237,0.000,0.885,0.000,2,5.33,0.333,0.009,5236,0.0
1.240,0.000,0.903,0.000,2,5.89,0.333,0.009,5236,0.0
1.271,0.000,0.917,0.000,2,6.47,0.333,0.009,5236,0.0
1.303,0.000,0.930,0.000,2,7.07,0.333,0.009,5236,0.0
1.306,0.000,0.940,0.000,2,7.71,0.333,0.009,5236,0.0
1.337,0.000,0.949,0.000,2,8.35,0.333,0.009,5236,0.0
1.340,0.000,0.957,0.000,2,9.00,0.333,0.009,5236,0.0
1.368,0.000,0.963,0.000,2,9.64,0.333,0.009,5236,0.0
1.396,0.000,0.969,0.000,2,10.28,0.333,0.009,5236,0.0
1.423,0.000,0.973,0.000,2,10.91,0.333,0.009,5236,0.0
1.426,0.000,0.977,0.000,2,11.54,0.333,0.009,5236,0.0
1.454,0.000,0.981,0.000,2,12.18,0.332,0.009,5236,0.0
1.481,0.000,0.984,0.000,2,12.89,0.332,0.009,5236,0.0
1.484,0.000,0.986,0.000,2,13.55,0.332,0.009,5236,0.0
1.512,0.000,0.988,0.000,2,14.20,0.332,0.009,5236,0.0
1.539,0.000,0.990,0.000,2,14.85,0.332,0.009,5236,0.0
1.542,0.000,0.991,0.000,2,15.50,0.332,0.009,5236,0.0
1.569,0.000,0.993,0.000,2,16.16,0.332,0.009,5236,0.0
1.596,0.000,0.994,0.000,2,16.81,0.332,0.009,5236,0.0
1.623,0.060,0.995,0.000,2,17.46,0.332,0.008,5236,0.0
1.626,0.120,0.996,0.000,2,18.11,0.332,0.007,5236,0.0
1.653,0.180,0.996,0.000,2,18.76,0.332,0.005,5236,0.0
1.680,0.240,0.997,0.000,2,19.40,0.332,0.002,5236,0.0
1.684,0.300,0.997,0.000,2,20.03,0.333,-0.001,5236,0.0
1.711,0.360,0.998,0.000,2,20.66,0.334,-0.006,5236,0.0
1.738,0.420,0.998,0.000,2,21.29,0.335,-0.011,5236,0.0
1.765,0.480,0.998,0.000,2,21.91,0.336,-0.018,5236,0.0
1.768,0.360,0.999,0.000,2,22.59,0.338,-0.023,5236,0.0
1.795,0.240,0.999,0.000,2,23.27,0.340,-0.028,5236,0.0
1.822,0.120,0.999,0.000,2,23.95,0.341,-0.030,5236,0.0
1.825,0.000,0.999,0.000,2,24.61,0.342,-0.031,5236,0.0
1.852,0.000,0.999,0.000,2,25.27,0.343,-0.031,5236,0.0
1.880,0.000,0.999,0.000,2,25.92,0.344,-0.031,5236,0.0
1.883,0.000,0.999,0.000,2,26.58,0.345,-0.031,5236,0.0
1.910,0.000,1.000,0.000,2,27.23,0.345,-0.031,5236,0.0
1.937,0.000,1.000,0.000,2,27.89,0.346,-0.031,5236,0.0
1.965,0.000,1.000,0.000,2,28.55,0.347,-0.031,5236,0.0
1.968,0.000,1.000,0.000,2,29.27,0.348,-0.031,5236,0.0
1.996,0.000,1.000,0.000,2,29.92,0.349,-0.031,5236,0.0
2.023,0.000,1.000,0.000,2,30.58,0.350,-0.031,5236,0.0
2.026,0.000,1.000,0.000,2,31.23,0.351,-0.031,5236,0.0
2.053,0.000,1.000,0.000,2,31.89,0.351,-0.031,5236,0.0
2.081,0.000,1.000,0.000,2,32.54,0.352,-0.031,5236,0.0
2.084,0.000,1.000,0.000,2,33.20,0.353,-0.031,5236,0.0
2.112,0.000,1.000,0.000,2,33.85,0.354,-0.031,5236,0.0
2.139,0.000,1.000,0.000,2,34.51,0.355,-0.031,5236,0.0
2.166,0.000,0.850,0.000,2,35.10,0.356,-0.031,5236,0.0
2.169,0.000,0.872,0.000,2,35.66,0.357,-0.031,5236,0.0
2.196,0.000,0.892,0.000,2,36.24,0.358,-0.031,5236,0.0
2.223,0.000,0.908,0.000,2,36.82,0.359,-0.031,5236,0.0
2.226,0.000,0.922,0.000,2,37.42,0.360,-0.031,5236,0.0
2.253,0.000,0.933,0.000,2,38.02,0.362,-0.031,5236,0.0
2.280,0.000,0.943,0.000,2,38.64,0.363,-0.031,5236,0.0
2.307,0.000,0.952,0.000,2,39.26,0.364,-0.031,5236,0.0
2.310,0.000,0.959,0.000,2,39.88,0.365,-0.031,5236,0.0
2.337,0.000,0.965,0.000,2,40.51,0.366,-0.031,5236,0.0
2.364,0.000,0.970,0.000,2,41.14,0.367,-0.031,5236,0.0
2.367,0.000,0.975,0.000,2,41.77,0.368,-0.031,5236,0.0
2.394,0.000,0.979,0.000,2,42.40,0.370,-0.031,5236,0.0
2.421,0.000,0.982,0.000,2,43.04,0.371,-0.031,5282,0.0
2.424,0.000,0.835,0.000,2,43.63,0.372,-0.031,5265,0.0
2.451,0.000,0.859,0.000,2,44.18,0.373,-0.031,5357,0.0
2.478,0.000,0.880,0.000,2,44.76,0.375,-0.031,5455,0.0
2.504,0.000,0.898,0.000,2,45.36,0.376,-0.031,5554,0.0
2.507,0.000,0.764,0.000,2,45.93,0.377,-0.031,5532,0.0
2.535,0.000,0.799,0.000,2,46.47,0.379,-0.031,5620,0.0
2.562,0.000,0.829,0.000,2,47.04,0.380,-0.031,5715,0.0
2.565,0.000,0.855,0.000,2,47.64,0.381,-0.030,5815,0.0
2.592,0.000,0.877,0.000,3,48.27,0.382,-0.028,5920,0.0
2.621,0.000,0.745,0.000,3,48.47,0.383,-0.027,5249,0.0
2.624,0.000,0.783,0.000,3,48.44,0.384,-0.025,5264,0.0
2.651,0.000,0.816,0.000,3,48.43,0.385,-0.023,5236,0.0
2.678,0.000,0.843,0.000,3,48.60,0.386,-0.021,5236,0.0
2.705,0.000,0.717,0.000,3,49.09,0.387,-0.020,5236,0.0
2.708,0.000,0.759,0.000,3,49.54,0.388,-0.018,5236,0.0
2.735,0.000,0.796,0.000,3,49.94,0.389,-0.016,5236,0.0
2.762,0.060,0.826,0.000,3,50.35,0.390,-0.015,5236,0.0
2.765,0.120,0.852,0.000,3,50.77,0.391,-0.015,5236,0.0
2.792,0.180,0.874,0.000,3,51.19,0.392,-0.017,5236,0.0
2.819,0.240,0.893,0.000,3,51.61,0.393,-0.021,5236,0.0
2.846,0.300,0.909,0.000,3,52.02,0.395,-0.026,5236,0.0
2.849,0.180,0.923,0.000,3,52.48,0.398,-0.032,5236,0.0
2.876,0.060,0.934,0.000,3,52.98,0.400,-0.035,5236,0.0
2.902,-0.060,0.944,0.000,3,53.46,0.402,-0.034,5236,0.0
2.905,0.060,0.953,0.000,3,53.93,0.404,-0.032,5236,0.0
2.932,-0.060,0.960,0.000,3,54.42,0.406,-0.030,5236,0.0
2.958,0.060,0.966,0.000,3,54.90,0.407,-0.028,5236,0.0
2.985,-0.060,0.971,0.000,3,55.44,0.409,-0.026,5271,0.0
2.988,0.060,0.975,0.000,3,55.98,0.410,-0.024,5329,0.0
3.015,-0.060,0.979,0.000,3,56.53,0.412,-0.022,5386,0.0
3.042,0.060,0.982,0.000,3,57.11,0.413,-0.019,5413,0.0
3.069,-0.060,0.985,0.000,3,57.67,0.414,-0.017,5467,0.0
3.095,0.060,0.987,0.000,3,58.24,0.415,-0.015,5533,0.0
3.099,-0.060,0.989,0.000,3,58.81,0.416,-0.012,5607,0.0
3.125,0.060,0.991,0.000,3,59.39,0.416,-0.010,5680,0.0
3.152,0.120,0.992,0.000,3,59.97,0.417,-0.010,5753,0.0
3.178,0.180,0.993,0.000,3,60.56,0.418,-0.013,5828,0.0
3.205,0.240,0.994,0.000,3,61.14,0.420,-0.018,5905,0.0
3.209,0.120,0.845,0.000,3,61.71,0.422,-0.023,5880,0.0
3.235,0.000,0.868,0.000,3,62.26,0.424,-0.025,5921,0.0
3.262,0.000,0.888,0.000,3,62.82,0.425,-0.023,5980,0.0
3.289,0.000,0.905,0.000,3,63.39,0.427,-0.021,6046,0.0
3.317,0.000,0.919,0.000,3,63.98,0.428,-0.018,6112,0.0
3.320,0.060,0.931,0.000,3,64.58,0.429,-0.017,6182,0.0
3.347,0.120,0.942,0.000,3,65.20,0.431,-0.017,6230,0.0
3.374,0.180,0.950,0.000,3,65.81,0.432,-0.020,6290,0.0
3.401,0.240,0.958,0.000,3,66.41,0.435,-0.025,6378,0.0
3.428,0.120,0.964,0.000,3,67.05,0.437,-0.030,6468,0.0
3.432,0.000,0.820,0.000,3,67.66,0.440,-0.031,6442,0.0
3.459,0.000,0.847,0.000,3,68.24,0.442,-0.030,6510,0.0
3.487,0.000,0.870,0.000,3,68.83,0.444,-0.027,6585,0.0
3.515,0.060,0.889,0.000,3,69.44,0.446,-0.026,6659,0.0
3.519,0.120,0.906,0.000,3,70.06,0.448,-0.027,6739,0.0
3.546,0.180,0.920,0.000,3,70.69,0.450,-0.030,6828,0.0
3.574,0.060,0.782,0.000,3,71.30,0.453,-0.033,6796,0.0
3.602,-0.060,0.815,0.000,3,71.88,0.455,-0.032,6854,0.0
3.605,0.060,0.842,0.000,3,72.48,0.457,-0.029,6932,0.0
3.633,-0.060,0.866,0.000,3,73.12,0.459,-0.027,6981,0.0
3.661,0.060,0.886,0.000,3,73.77,0.461,-0.024,7057,0.0
3.689,0.120,0.903,0.000,3,74.42,0.463,-0.024,7152,0.0
3.692,0.180,0.918,0.000,3,75.08,0.466,-0.026,7265,0.0
3.720,0.060,0.780,0.000,3,75.71,0.468,-0.029,7242,0.0
3.748,-0.060,0.813,0.000,3,76.33,0.470,-0.028,7309,0.0
3.776,0.060,0.841,0.000,3,76.96,0.472,-0.026,7393,0.0
3.803,-0.060,0.865,0.000,3,77.62,0.474,-0.023,7482,0.0
3.807,0.060,0.735,0.000,3,78.24,0.476,-0.020,7444,0.0
3.835,-0.060,0.775,0.000,3,78.83,0.477,-0.017,7523,0.0
3.862,0.060,0.809,0.000,3,79.45,0.478,-0.014,7614,0.0
3.890,-0.060,0.837,0.000,3,80.11,0.479,-0.011,7691,0.0
3.894,0.060,0.862,0.000,3,80.80,0.480,-0.007,7774,0.0
3.921,-0.060,0.733,0.000,4,81.44,0.480,-0.004,7741,0.0
3.948,0.060,0.773,0.000,4,81.60,0.481,-0.001,6296,0.0
3.977,-0.060,0.807,0.000,4,81.52,0.481,0.003,6312,0.0
3.980,0.060,0.836,0.000,4,81.47,0.480,0.006,6062,0.0
4.008,-0.060,0.860,0.000,4,81.76,0.480,0.009,6269,0.0
4.035,0.060,0.881,0.000,4,82.21,0.479,0.013,6305,0.0
4.062,-0.060,0.899,0.000,4,82.67,0.477,0.016,6340,0.0
4.066,0.060,0.914,0.000,4,83.14,0.476,0.019,6376,0.0
4.093,-0.060,0.927,0.000,4,83.62,0.474,0.023,6415,0.0
4.120,0.060,0.938,0.000,4,84.11,0.472,0.026,6454,0.0
4.155,-0.060,0.947,0.000,4,84.60,0.470,0.029,6498,0.0
4.159,0.060,0.955,0.000,4,85.11,0.467,0.033,6544,0.0
4.186,-0.060,0.962,0.000,4,85.62,0.464,0.036,6590,0.0
4.212,0.060,0.968,0.000,4,86.14,0.461,0.040,6636,0.0
4.239,-0.060,0.973,0.000,4,86.67,0.457,0.043,6681,0.0
4.243,0.060,0.977,0.000,4,87.20,0.453,0.047,6725,0.0
4.270,-0.060,0.980,0.000,4,87.75,0.449,0.048,6770,0.0
4.297,0.060,0.983,0.000,4,88.30,0.444,0.048,6814,0.0
4.324,-0.060,0.986,0.000,4,88.85,0.440,0.048,6859,0.0
4.351,0.060,0.988,0.000,4,89.40,0.436,0.048,6912,0.0
4.354,-0.060,0.990,0.000,4,89.97,0.431,0.048,6956,0.0
4.380,0.060,0.991,0.000,4,90.54,0.427,0.048,7000,0.0
4.407,-0.060,0.993,0.000,4,91.12,0.422,0.048,7045,0.0
4.434,0.060,0.994,0.000,4,91.70,0.418,0.048,7090,0.0
4.461,-0.060,0.995,0.000,4,92.28,0.413,0.048,7137,0.0
4.465,0.060,0.995,0.000,4,92.87,0.409,0.048,7184,0.0
4.491,-0.060,0.996,0.000,4,93.47,0.404,0.048,7233,0.0
4.517,0.060,0.997,0.000,4,94.06,0.399,0.048,7282,0.0
4.543,-0.060,0.997,0.000,4,94.66,0.395,0.048,7332,0.0
4.570,0.060,0.998,0.000,4,95.27,0.390,0.048,7382,0.0
4.573,-0.060,0.998,0.000,4,95.88,0.385,0.048,7432,0.0
4.598,0.060,0.998,0.000,4,96.50,0.381,0.048,7482,0.0
4.624,-0.060,0.999,0.000,4,97.12,0.376,0.048,7532,0.0
4.650,0.060,0.999,0.000,4,97.74,0.371,0.048,7585,0.0
4.677,-0.060,0.999,0.000,4,98.37,0.366,0.048,7636,0.0
4.702,0.060,0.999,0.000,4,99.01,0.361,0.048,7686,0.0
4.705,0.000,0.999,0.000,4,99.65,0.356,0.047,7737,0.0
4.731,-0.060,0.999,0.000,4,100.29,0.352,0.048,7789,0.0
4.758,-0.120,0.999,0.000,4,100.93,0.346,0.052,7845,0.0
4.783,-0.180,1.000,0.000,4,101.55,0.340,0.059,7910,0.0
4.808,-0.240,0.850,0.000,4,102.10,0.333,0.069,7891,0.0
4.834,-0.120,0.872,0.000,4,102.62,0.326,0.080,7947,0.0
4.837,0.000,0.891,0.000,4,103.20,0.318,0.086,7992,0.0
4.862,0.000,0.908,0.000,4,103.79,0.309,0.089,8034,0.0
4.886,0.000,0.921,0.000,4,104.40,0.301,0.090,8082,0.0
4.911,0.000,0.933,0.000,4,105.02,0.292,0.091,8134,0.0
4.936,0.000,0.943,0.000,5,105.65,0.282,0.091,8190,0.0
4.961,0.000,0.952,0.000,5,105.88,0.273,0.091,7365,0.0
4.985,0.000,0.959,0.000,5,105.78,0.263,0.091,7379,0.0
5.010,0.000,0.965,0.000,5,105.69,0.254,0.091,7060,0.0
5.013,0.000,0.970,0.000,5,105.99,0.244,0.091,7311,0.0
5.037,0.000,0.975,0.000,5,106.49,0.234,0.091,7352,0.0
5.061,0.000,0.979,0.000,5,107.00,0.225,0.091,7382,0.0
5.085,0.000,0.982,0.000,5,107.52,0.215,0.091,7412,0.0
5.110,0.000,0.985,0.000,5,108.05,0.205,0.091,7446,0.0
5.134,0.000,0.987,0.000,5,108.57,0.195,0.091,7483,0.0
5.158,0.000,0.989,0.000,5,109.09,0.185,0.091,7523,0.0
5.182,0.000,0.991,0.000,5,109.62,0.175,0.091,7564,0.0
5.205,0.000,0.992,0.000,5,110.15,0.165,0.091,7606,0.0
5.208,0.000,0.993,0.000,5,110.68,0.154,0.091,7645,0.0
5.231,0.000,0.994,0.000,5,111.22,0.144,0.091,7684,0.0
5.254,0.060,0.995,0.000,5,111.77,0.134,0.089,7722,0.0
5.285,0.120,0.996,0.000,5,112.30,0.124,0.085,7764,0.0
5.308,0.180,0.996,0.000,5,112.81,0.115,0.078,7811,0.0
5.331,0.060,0.997,0.000,5,113.35,0.106,0.070,7853,0.0
5.354,-0.060,0.997,0.000,5,113.91,0.098,0.066,7882,0.0
5.377,0.060,0.998,0.000,5,114.47,0.090,0.065,7916,0.0
5.400,-0.060,0.998,0.000,5,115.03,0.081,0.065,7954,0.0
5.423,0.060,0.998,0.000,5,115.59,0.073,0.065,7993,0.0
5.446,-0.060,0.999,0.000,5,116.16,0.065,0.065,8033,0.0
5.469,0.060,0.999,0.000,5,116.72,0.057,0.065,8074,0.0
5.492,-0.060,0.999,0.000,5,117.29,0.050,0.065,8115,0.0
5.495,0.060,0.999,0.000,5,117.86,0.042,0.065,8155,0.0
5.518,-0.060,0.999,0.000,5,118.44,0.034,0.065,8195,0.0
5.541,0.060,0.999,0.000,5,119.02,0.026,0.065,8236,0.0
5.564,-0.060,0.999,0.000,5,119.60,0.018,0.065,8277,0.0
5.587,0.060,1.000,0.000,5,120.18,0.010,0.065,8318,0.0
5.610,-0.060,1.000,0.000,5,120.77,0.002,0.065,8360,0.0
5.633,0.060,1.000,0.000,5,121.36,-0.006,0.065,8402,0.0
5.656,-0.060,1.000,0.000,5,121.95,-0.014,0.065,8444,0.0
5.678,0.060,1.000,0.000,5,122.55,-0.022,0.065,8486,0.0
5.701,-0.060,1.000,0.000,5,123.14,-0.031,0.065,8529,0.0
5.724,0.060,1.000,0.000,5,123.74,-0.039,0.065,8572,0.0
5.747,-0.060,1.000,0.000,5,124.35,-0.047,0.065,8614,0.0
5.769,0.060,1.000,0.000,5,124.95,-0.055,0.065,8657,0.0
5.792,-0.060,1.000,0.000,5,125.56,-0.064,0.065,8700,0.0
5.814,0.060,1.000,0.000,5,126.18,-0.072,0.065,8743,0.0
5.837,-0.060,1.000,0.000,5,126.79,-0.080,0.065,8787,0.0
5.859,0.060,1.000,0.000,5,127.41,-0.089,0.065,8830,0.0
5.882,-0.060,1.000,0.000,5,128.03,-0.097,0.065,8874,0.0
5.905,0.060,1.000,0.000,5,128.65,-0.106,0.065,8919,0.0
5.926,-0.060,1.000,0.000,5,129.28,-0.114,0.065,8963,0.0
5.949,0.060,1.000,0.000,5,129.91,-0.123,0.065,9008,0.0
5.971,-0.060,1.000,0.000,5,130.54,-0.132,0.065,9053,0.0
5.993,0.060,1.000,0.000,5,131.18,-0.140,0.065,9098,0.0
6.015,-0.060,1.000,0.000,5,131.82,-0.149,0.065,9143,0.0
6.038,0.060,1.000,0.000,5,132.46,-0.158,0.065,9188,0.0
6.059,-0.060,1.000,0.000,5,133.10,-0.167,0.065,9234,0.0
6.082,0.060,1.000,0.000,5,133.75,-0.175,0.065,9279,0.0
6.104,-0.060,1.000,0.000,5,134.40,-0.184,0.065,9325,0.0
6.125,0.060,1.000,0.000,5,135.05,-0.193,0.065,9372,0.0
6.148,-0.060,1.000,0.000,5,135.71,-0.202,0.065,9418,0.0
6.170,0.060,1.000,0.000,6,136.37,-0.211,0.065,9463,0.0
6.191,-0.060,1.000,0.000,6,136.61,-0.220,0.065,8678,0.0
6.212,0.060,1.000,0.000,6,136.45,-0.229,0.065,8688,0.0
6.233,-0.060,1.000,0.000,6,136.30,-0.238,0.065,8340,0.0
6.255,0.060,1.000,0.000,6,136.55,-0.248,0.065,8613,0.0
6.276,-0.060,1.000,0.000,6,137.06,-0.257,0.065,8657,0.0
6.297,0.060,1.000,0.000,6,137.59,-0.266,0.065,8684,0.0
6.318,-0.060,1.000,0.000,6,138.12,-0.275,0.065,8710,0.0
6.338,0.060,1.000,0.000,6,138.66,-0.284,0.065,8739,0.0
6.359,-0.060,1.000,0.000,6,139.18,-0.293,0.065,8772,0.0
6.380,0.060,1.000,0.000,6,139.71,-0.302,0.065,8807,0.0
6.402,-0.060,1.000,0.000,6,140.24,-0.312,0.065,8844,0.0
6.423,0.060,1.000,0.000,6,140.77,-0.321,0.065,8881,0.0
6.443,-0.060,1.000,0.000,6,141.30,-0.330,0.065,8917,0.0
6.466,0.060,1.000,0.000,6,141.84,-0.340,0.065,8951,0.0
6.487,0.120,1.000,0.000,6,142.36,-0.349,0.061,8988,0.0
6.508,0.150,1.000,0.000,6,142.87,-0.357,0.053,9029,0.0
6.529,0.150,1.000,0.000,6,143.38,-0.365,0.043,9073,0.0
6.549,0.150,1.000,0.000,6,143.88,-0.371,0.032,9115,0.0
6.587,0.030,1.000,0.000,6,144.41,-0.377,0.023,9149,0.0
6.607,-0.090,1.000,0.000,6,144.97,-0.382,0.020,9167,0.0
6.630,0.030,1.000,0.000,6,145.54,-0.387,0.021,9191,0.0
6.651,-0.090,1.000,0.000,6,146.09,-0.391,0.022,9222,0.0
6.671,-0.030,1.000,0.000,6,146.65,-0.396,0.026,9256,0.0
6.696,0.030,1.000,0.000,6,147.21,-0.400,0.028,9291,0.0
6.716,-0.090,1.000,0.000,6,147.77,-0.405,0.030,9327,0.0
6.736,0.030,1.000,0.000,6,148.32,-0.410,0.032,9363,0.0
6.756,-0.090,1.000,0.000,6,148.88,-0.415,0.035,9398,0.0
6.780,0.030,1.000,0.000,6,149.44,-0.420,0.037,9434,0.0
6.800,-0.090,1.000,0.000,6,150.00,-0.425,0.039,9469,0.0
6.820,0.030,1.000,0.000,6,150.56,-0.431,0.042,9504,0.0
6.840,-0.090,1.000,0.000,6,151.12,-0.437,0.044,9538,0.0
6.864,0.030,1.000,0.000,6,151.67,-0.444,0.046,9572,0.0
6.884,-0.090,1.000,0.000,6,152.23,-0.450,0.049,9606,0.0
6.904,0.030,1.000,0.000,6,152.78,-0.457,0.051,9640,0.0
6.923,-0.090,1.000,0.000,6,153.33,-0.465,0.053,9673,0.0
6.946,0.030,1.000,0.000,6,153.89,-0.473,0.055,9705,0.0
6.982,-0.090,1.000,0.000,6,154.44,-0.481,0.057,9739,0.0
7.001,0.030,1.000,0.000,6,154.98,-0.490,0.060,9773,0.0
7.020,-0.090,1.000,0.000,6,155.53,-0.499,0.062,9807,0.0
7.039,0.030,1.000,0.000,6,156.07,-0.508,0.064,9841,0.0
7.063,-0.090,1.000,0.000,6,156.62,-0.518,0.066,9874,0.0
7.081,0.030,1.000,0.000,6,157.16,-0.528,0.069,9907,0.0
7.100,-0.090,1.000,0.000,6,157.71,-0.538,0.071,9940,0.0
7.134,0.030,1.000,0.000,6,158.25,-0.549,0.073,9971,0.0
7.153,0.090,1.000,0.000,6,158.79,-0.560,0.071,10001,0.0
7.172,0.150,1.000,0.000,6,159.31,-0.571,0.064,10039,0.0
7.190,0.150,1.000,0.000,6,159.82,-0.580,0.053,10083,0.0
7.211,0.150,1.000,0.000,6,160.31,-0.589,0.041,10127,0.0
7.245,0.150,1.000,0.000,6,160.80,-0.596,0.029,10169,0.0
7.263,0.030,1.000,0.000,6,161.30,-0.603,0.019,10201,0.0
7.282,-0.090,1.000,0.000,6,161.85,-0.608,0.016,10215,0.0
7.300,0.030,1.000,0.000,6,162.41,-0.614,0.017,10230,0.0
7.333,-0.090,1.000,0.000,6,162.95,-0.618,0.019,10256,0.0
7.351,0.030,1.000,0.000,6,163.49,-0.623,0.022,10286,0.0
7.369,-0.090,1.000,0.000,6,164.01,-0.628,0.025,10320,0.0
7.387,0.030,1.000,0.000,6,164.54,-0.632,0.029,10353,0.0
7.420,-0.090,1.000,0.000,6,165.07,-0.637,0.031,10386,0.0
7.438,-0.030,1.000,0.000,6,165.59,-0.643,0.036,10420,0.0
7.460,0.030,1.000,0.000,6,166.12,-0.648,0.037,10451,0.0
7.478,0.090,1.000,0.000,6,166.65,-0.654,0.034,10479,0.0
7.496,0.150,1.000,0.000,6,167.15,-0.658,0.027,10515,0.0
7.530,0.150,1.000,0.000,6,167.63,-0.662,0.016,10558,0.0
7.548,0.150,1.000,0.000,6,168.10,-0.665,0.004,10601,0.0
7.566,0.150,1.000,0.000,6,168.56,-0.667,-0.009,10642,0.0
7.584,0.150,1.000,0.000,6,169.01,-0.667,-0.021,10680,0.0
7.617,0.150,1.000,0.000,6,169.46,-0.665,-0.034,10716,0.0
7.636,0.030,1.000,0.000,6,169.93,-0.663,-0.044,10743,0.0
7.654,-0.090,1.000,0.000,6,170.46,-0.659,-0.047,10747,0.0
7.672,0.030,1.000,0.000,6,171.00,-0.654,-0.045,10758,0.0
7.696,-0.090,1.000,0.000,6,171.53,-0.649,-0.042,10780,0.0
7.716,0.030,1.000,0.000,6,172.05,-0.644,-0.039,10808,0.0
7.751,0.090,1.000,0.000,6,172.55,-0.637,-0.040,10840,0.0
7.769,0.150,1.000,0.000,6,173.03,-0.630,-0.046,10877,0.0
7.788,0.150,1.000,0.000,6,173.49,-0.622,-0.056,10918,0.0
7.806,0.150,1.000,0.000,6,173.94,-0.613,-0.067,10956,0.0
7.828,0.150,1.000,0.000,6,174.38,-0.602,-0.080,10992,0.0
7.862,0.150,1.000,0.000,6,174.82,-0.590,-0.092,11028,0.0
7.880,0.150,1.000,0.000,6,175.25,-0.576,-0.104,11063,0.0
7.899,0.150,1.000,0.000,6,175.67,-0.560,-0.116,11096,0.0
7.918,0.150,1.000,0.000,6,176.09,-0.543,-0.127,11127,0.0
7.937,0.150,1.000,0.000,6,176.51,-0.524,-0.138,11156,0.0
7.971,0.150,1.000,0.000,6,176.93,-0.503,-0.149,11183,0.0
7.990,0.150,1.000,0.000,6,177.35,-0.480,-0.160,11205,0.0
8.013,0.150,1.000,0.000,6,177.77,-0.455,-0.170,11229,0.0
8.032,0.150,1.000,0.000,6,178.19,-0.428,-0.180,11254,0.0
8.051,0.150,1.000,0.000,6,178.60,-0.400,-0.190,11279,0.0
8.070,0.150,1.000,0.000,6,179.02,-0.369,-0.200,11305,0.0
8.089,0.150,1.000,0.000,6,179.43,-0.337,-0.209,11331,0.0
8.129,0.150,1.000,0.000,6,179.84,-0.303,-0.220,11356,0.0
8.148,0.150,1.000,0.000,6,180.26,-0.266,-0.230,11379,0.0
8.167,0.150,1.000,0.000,6,180.67,-0.228,-0.240,11400,0.0
8.186,0.150,1.000,0.000,6,181.08,-0.188,-0.249,11424,0.0
8.206,0.150,1.000,0.000,6,181.49,-0.147,-0.259,11450,0.0
8.229,0.150,1.000,0.000,6,181.90,-0.103,-0.269,11476,0.0
8.249,0.150,1.000,0.000,6,182.30,-0.057,-0.279,11502,0.0
8.269,0.150,1.000,0.000,6,182.69,-0.010,-0.287,11528,0.0
8.290,0.150,1.000,0.000,6,183.09,0.038,-0.286,11552,0.0
8.310,0.150,1.000,0.000,6,183.51,0.086,-0.284,11550,0.0
8.332,0.150,1.000,0.000,6,183.90,0.133,-0.282,11567,0.0
8.354,0.150,1.000,0.000,6,184.28,0.181,-0.281,11594,0.0
8.396,0.150,1.000,0.000,6,184.68,0.228,-0.279,11600,0.0
8.400,0.150,1.000,0.000,6,185.08,0.275,-0.276,11613,0.0
8.422,0.150,1.000,0.000,6,185.46,0.322,-0.273,11649,0.0
8.448,0.150,1.000,0.000,6,185.84,0.368,-0.270,11684,0.0
8.471,0.150,1.000,0.000,6,186.24,0.414,-0.267,11698,0.0
8.499,0.150,1.000,0.000,6,186.62,0.460,-0.263,11734,0.0
8.523,0.150,1.000,0.000,6,186.99,0.505,-0.260,11770,0.0
8.553,0.150,1.000,0.000,6,187.38,0.549,-0.257,11794,0.0
8.556,0.150,1.000,0.000,6,187.77,0.593,-0.253,11822,0.0
8.578,0.150,1.000,0.000,6,188.16,0.636,-0.250,11848,0.0
8.601,0.150,1.000,0.000,6,188.53,0.679,-0.246,11887,0.0
8.623,0.150,1.000,0.000,6,188.92,0.721,-0.242,11913,0.0
8.645,0.150,1.000,0.000,6,189.31,0.762,-0.238,11931,0.0
8.668,0.150,1.000,0.000,6,189.68,0.802,-0.233,11974,0.0
8.691,0.030,1.000,0.000,6,190.08,0.841,-0.227,12007,0.0
8.713,-0.090,1.000,0.000,6,190.57,0.879,-0.215,11998,0.0
8.737,0.030,1.000,0.000,6,191.05,0.915,-0.199,12020,0.0
8.760,-0.090,1.000,0.000,6,191.50,0.949,-0.181,12063,0.0
8.784,0.030,1.000,0.000,6,192.02,0.981,-0.163,12062,0.0
8.807,-0.090,1.000,0.000,6,192.47,1.010,-0.145,12100,0.0
8.830,0.030,1.000,0.000,6,192.88,1.036,-0.126,12178,0.0
8.853,-0.090,1.000,0.000,6,193.39,1.060,-0.108,12172,0.0
8.876,0.030,1.000,0.000,6,193.85,1.080,-0.091,12207,0.0
8.901,-0.090,1.000,0.000,6,194.23,1.097,-0.074,12311,0.0
8.925,0.030,1.000,0.000,6,194.76,1.111,-0.056,12291,0.0
8.928,-0.090,1.000,0.000,6,195.22,1.121,-0.040,12332,0.0
8.951,0.030,1.000,0.000,6,195.58,1.129,-0.022,12450,0.0
8.974,-0.090,1.000,0.000,6,196.08,1.133,-0.012,12411,0.0
9.000,0.030,1.000,0.000,6,196.56,1.136,-0.009,12378,0.0
9.023,-0.090,1.000,0.000,6,196.97,1.139,-0.007,12406,0.0
9.049,0.030,1.000,0.000,6,197.42,1.141,-0.004,12397,0.0
9.052,-0.090,1.000,0.000,6,197.87,1.143,-0.002,12388,0.0
9.075,0.030,1.000,0.000,6,198.31,1.144,0.000,12392,0.0
9.100,-0.090,1.000,0.000,6,198.73,1.145,0.002,12407,0.0
9.122,0.030,1.000,0.000,6,199.14,1.145,0.005,12430,0.0
9.148,-0.090,1.000,0.000,6,199.54,1.145,0.006,12457,0.0
9.151,0.030,1.000,0.000,6,199.94,1.145,0.009,12488,0.0
9.173,-0.090,1.000,0.000,6,200.34,1.144,0.010,12522,0.0
9.198,0.030,1.000,0.000,6,200.73,1.143,0.013,12552,0.0
9.220,-0.090,1.000,0.000,6,201.14,1.141,0.015,12580,0.0
9.247,0.030,1.000,0.000,6,201.54,1.139,0.017,12605,0.0
9.251,-0.090,0.850,0.000,6,201.88,1.136,0.019,12573,0.0
9.272,0.030,0.722,0.000,6,202.10,1.133,0.022,12542,0.0
9.297,-0.090,0.614,0.000,6,202.23,1.130,0.023,12514,0.0
9.318,0.030,0.522,0.000,6,202.29,1.126,0.026,12488,0.0
9.339,-0.090,0.444,0.000,6,202.28,1.122,0.028,12462,0.0
9.363,0.030,0.377,0.000,6,202.21,1.117,0.030,12437,0.0
9.384,-0.090,0.321,0.000,6,202.09,1.112,0.032,12412,0.0
9.405,0.030,0.272,0.000,6,201.94,1.107,0.035,12388,0.0
9.430,-0.090,0.232,0.000,6,201.74,1.101,0.037,12364,0.0
9.432,0.030,0.197,0.250,6,201.12,1.095,0.039,12228,0.0
9.453,-0.090,0.167,0.438,6,199.94,1.088,0.042,12076,0.0
9.473,0.030,0.142,0.578,6,198.27,1.081,0.044,11905,0.0
9.497,-0.090,0.000,0.684,6,196.31,1.074,0.046,11673,0.0
9.517,0.030,0.000,0.513,6,194.23,1.067,0.048,11612,0.0
9.537,-0.090,0.000,0.385,6,192.42,1.059,0.050,11562,0.0
9.562,0.030,0.000,0.288,6,190.95,1.051,0.053,11514,0.0
9.583,-0.090,0.000,0.216,6,189.88,1.042,0.056,11482,0.0
9.603,0.030,0.000,0.412,6,188.59,1.033,0.060,11330,0.0
9.624,-0.090,0.000,0.559,6,186.97,1.024,0.062,11167,0.0
9.644,0.030,0.000,0.669,6,185.05,1.014,0.065,10989,0.0
9.664,-0.090,0.000,0.502,6,183.15,1.004,0.067,10941,0.0
9.684,0.030,0.000,0.377,6,181.40,0.994,0.068,10897,0.0
9.704,-0.090,0.000,0.282,6,179.99,0.984,0.070,10847,0.0
9.724,0.030,0.000,0.462,6,178.53,0.973,0.073,10684,0.0
9.745,-0.090,0.000,0.596,6,176.83,0.962,0.075,10515,0.0
9.764,0.030,0.000,0.697,6,174.86,0.951,0.078,10336,0.0
9.784,-0.090,0.000,0.523,6,172.89,0.939,0.079,10296,0.0
9.803,0.030,0.000,0.392,6,171.12,0.928,0.081,10261,0.0
9.822,-0.090,0.000,0.294,6,169.67,0.916,0.083,10221,0.0
9.844,0.030,0.000,0.471,6,168.22,0.904,0.085,10055,0.0
9.863,-0.090,0.000,0.603,6,166.57,0.891,0.087,9873,0.0
9.882,0.030,0.000,0.702,6,164.66,0.879,0.089,9694,0.0
9.900,-0.090,0.000,0.527,6,162.74,0.866,0.091,9663,0.0
9.919,0.030,0.000,0.395,6,160.96,0.853,0.093,9637,0.0
9.937,-0.090,0.000,0.296,6,159.48,0.841,0.094,9600,0.0
9.956,0.030,0.000,0.222,6,158.35,0.827,0.096,9564,0.0
9.978,-0.090,0.000,0.417,6,157.21,0.814,0.098,9415,0.0
9.996,0.030,0.000,0.562,6,155.69,0.800,0.101,9254,0.0
10.014,-0.090,0.000,0.422,6,154.15,0.787,0.102,9202,0.0
10.033,0.030,0.000,0.316,6,152.72,0.773,0.104,9172,0.0
10.051,-0.090,0.000,0.237,6,151.60,0.759,0.106,9144,0.0
10.068,0.030,0.000,0.178,6,150.73,0.745,0.109,9119,0.0
10.101,-0.090,0.000,0.383,6,149.72,0.730,0.111,8978,0.0
10.118,0.030,0.000,0.288,6,148.54,0.715,0.114,8946,0.0
10.136,-0.090,0.000,0.216,6,147.61,0.700,0.116,8918,0.0
10.154,0.030,0.000,0.162,6,146.83,0.685,0.118,8893,0.0
10.188,-0.090,0.000,0.121,6,146.23,0.670,0.121,8872,0.0
10.191,0.030,0.000,0.091,6,145.72,0.654,0.123,8852,0.0
10.210,-0.090,0.000,0.068,6,145.30,0.638,0.126,8835,0.0
10.228,0.030,0.000,0.051,6,144.93,0.622,0.128,8819,0.0
10.259,-0.090,0.000,0.038,6,144.61,0.605,0.130,8805,0.0
10.276,0.030,0.000,0.029,6,144.32,0.588,0.133,8791,0.0
10.293,-0.090,0.000,0.022,6,144.05,0.571,0.135,8777,0.0
10.309,0.030,0.000,0.016,6,143.80,0.554,0.137,8764,0.0
10.341,-0.090,0.000,0.012,6,143.57,0.536,0.139,8751,0.0
10.360,0.030,0.000,0.009,6,143.35,0.518,0.142,8739,0.0
10.377,-0.090,0.000,0.007,6,143.13,0.499,0.144,8727,0.0
10.394,0.030,0.000,0.005,6,142.93,0.481,0.146,8715,0.0
10.411,-0.090,0.000,0.004,6,142.72,0.462,0.149,8703,0.0
10.428,0.030,0.000,0.003,6,142.52,0.443,0.151,8691,0.0
10.458,-0.090,0.000,0.002,6,142.33,0.423,0.153,8679,0.0
10.476,0.030,0.000,0.002,6,142.13,0.404,0.156,8668,0.0
10.492,-0.090,0.000,0.001,6,141.94,0.384,0.158,8656,0.0
10.509,0.030,0.000,0.001,6,141.75,0.364,0.160,8645,0.0
10.540,-0.090,0.000,0.001,6,141.56,0.343,0.162,8633,0.0
10.557,0.030,0.000,0.001,6,141.38,0.322,0.165,8622,0.0
10.574,-0.090,0.000,0.000,6,141.19,0.301,0.167,8611,0.0
10.591,0.030,0.000,0.000,6,141.00,0.280,0.169,8600,0.0
10.608,-0.090,0.000,0.000,6,140.82,0.258,0.171,8589,0.0
10.641,0.030,0.000,0.000,6,140.64,0.236,0.174,8577,0.0
10.723,-0.090,0.000,0.000,6,140.45,0.214,0.176,8566,0.0
10.728,0.030,0.000,0.000,6,140.27,0.192,0.178,8555,0.0
10.731,-0.090,0.000,0.000,6,140.09,0.169,0.180,8544,0.0
10.733,0.030,0.000,0.000,6,139.91,0.147,0.183,8533,0.0
10.750,-0.090,0.000,0.000,6,139.73,0.123,0.185,8522,0.0
10.753,0.030,0.000,0.000,6,139.55,0.100,0.187,8511,0.0
10.769,-0.090,0.000,0.000,6,139.37,0.076,0.189,8500,0.0
10.797,0.030,0.000,0.000,6,139.19,0.052,0.192,8490,0.0
10.812,-0.090,0.000,0.000,6,139.01,0.028,0.194,8479,0.0
10.827,0.030,0.000,0.000,6,138.84,0.004,0.196,8468,0.0
10.856,-0.090,0.000,0.000,6,138.66,-0.021,0.198,8458,0.0
10.873,0.030,0.000,0.000,6,138.49,-0.046,0.201,8447,0.0
10.890,-0.090,0.000,0.000,6,138.31,-0.071,0.203,8436,0.0
10.907,0.030,0.000,0.000,6,138.14,-0.096,0.205,8426,0.0
10.940,-0.090,0.000,0.000,6,137.96,-0.122,0.207,8415,0.0
10.956,0.030,0.000,0.000,6,137.79,-0.148,0.209,8404,0.0
10.973,-0.090,0.000,0.000,6,137.62,-0.174,0.212,8394,0.0
10.990,0.030,0.000,0.000,6,137.45,-0.200,0.214,8383,0.0
11.007,-0.090,0.000,0.000,6,137.27,-0.227,0.216,8373,0.0
11.040,0.030,0.000,0.000,6,137.10,-0.254,0.219,8363,0.0
11.056,-0.090,0.000,0.000,6,136.93,-0.281,0.221,8353,0.0
11.073,0.030,0.000,0.000,6,136.76,-0.308,0.223,8342,0.0
11.090,-0.090,0.000,0.000,6,136.59,-0.336,0.225,8332,0.0
11.107,0.030,0.000,0.000,6,136.42,-0.364,0.227,8322,0.0
11.139,-0.090,0.000,0.000,6,136.25,-0.392,0.229,8312,0.0
11.157,0.030,0.000,0.000,6,136.09,-0.420,0.231,8300,0.0
11.174,0.090,0.000,0.000,6,135.93,-0.448,0.230,8290,0.0
11.190,0.150,0.000,0.000,6,135.75,-0.476,0.224,8280,0.0
11.208,0.150,0.000,0.000,6,135.57,-0.503,0.215,8270,0.0
11.239,0.150,0.000,0.000,6,135.39,-0.530,0.205,8259,0.0
11.257,0.150,0.000,0.000,6,135.20,-0.555,0.193,8247,0.0
11.274,0.150,0.000,0.000,6,135.00,-0.580,0.181,8235,0.0
11.291,0.150,0.000,0.000,6,134.81,-0.603,0.170,8223,0.0
11.307,0.150,0.000,0.000,6,134.61,-0.625,0.158,8211,0.0
11.339,0.150,0.000,0.000,6,134.41,-0.647,0.147,8198,0.0
11.356,0.150,0.000,0.000,6,134.20,-0.667,0.136,8184,0.0
11.374,0.150,0.000,0.000,6,133.99,-0.686,0.124,8171,0.0
11.390,0.150,0.000,0.000,6,133.77,-0.703,0.112,8159,0.0
11.407,0.150,0.000,0.000,6,133.55,-0.720,0.100,8146,0.0
11.440,0.150,0.000,0.000,6,133.33,-0.735,0.088,8132,0.0
11.457,0.150,0.000,0.000,6,133.11,-0.748,0.076,8119,0.0
11.474,0.150,0.000,0.000,6,132.89,-0.761,0.064,8106,0.0
11.492,0.150,0.000,0.000,6,132.67,-0.772,0.054,8093,0.0
11.509,0.150,0.000,0.000,6,132.47,-0.781,0.044,8080,0.0
11.541,0.030,0.000,0.000,6,132.28,-0.790,0.035,8068,0.0
11.556,-0.090,0.000,0.000,6,132.12,-0.798,0.032,8056,0.0
11.575,0.030,0.000,0.000,6,131.97,-0.805,0.031,8048,0.0
11.591,-0.090,0.000,0.000,6,131.82,-0.811,0.032,8040,0.0
11.608,0.030,0.000,0.000,6,131.68,-0.817,0.034,8033,0.0
11.639,-0.090,0.000,0.000,6,131.53,-0.823,0.036,8025,0.0
11.657,0.030,0.000,0.000,6,131.39,-0.829,0.039,8016,0.0
11.674,-0.090,0.000,0.000,6,131.24,-0.834,0.042,8008,0.0
11.689,0.030,0.000,0.000,6,131.10,-0.840,0.044,7999,0.0
11.710,-0.090,0.000,0.000,6,130.95,-0.845,0.047,7990,0.0
11.744,0.030,0.000,0.000,6,130.81,-0.851,0.049,7981,0.0
11.758,-0.090,0.000,0.000,6,130.67,-0.857,0.052,7971,0.0
11.773,0.030,0.000,0.000,6,130.53,-0.863,0.054,7962,0.0
11.790,0.090,0.000,0.000,6,130.38,-0.869,0.053,7954,0.0
11.807,0.150,0.000,0.000,6,130.22,-0.874,0.047,7945,0.0
11.841,0.150,0.000,0.000,6,130.06,-0.879,0.039,7935,0.0
11.855,0.150,0.000,0.000,6,129.90,-0.884,0.028,7926,0.0
11.874,0.150,0.000,0.000,6,129.74,-0.887,0.017,7916,0.0
11.890,0.030,0.000,0.250,6,129.18,-0.890,0.008,7788,0.0
11.907,-0.090,0.000,0.438,6,128.12,-0.892,0.004,7642,0.0
11.940,0.030,0.000,0.578,6,126.70,-0.894,0.003,7478,0.0
11.958,-0.090,0.000,0.684,6,125.05,-0.896,0.004,7287,0.0
11.974,0.030,0.000,0.763,6,123.25,-0.897,0.005,7082,0.0
11.991,-0.090,0.000,0.822,6,121.33,-0.899,0.007,6880,0.0
12.011,0.030,0.000,0.867,6,119.33,-0.900,0.009,6676,0.0
12.029,-0.090,0.000,0.900,6,117.29,-0.902,0.011,6472,0.0
12.057,0.030,0.000,0.925,6,115.23,-0.903,0.012,6265,0.0
12.074,0.090,0.000,0.694,6,113.19,-0.905,0.014,6278,0.0
12.091,0.150,0.000,0.520,6,111.25,-0.906,0.014,6395,0.0
12.108,0.210,0.000,0.390,6,109.51,-0.908,0.015,6490,0.0
12.140,0.270,0.000,0.293,6,108.04,-0.909,0.014,6489,0.0
12.158,0.280,0.000,0.219,6,106.75,-0.910,0.013,6450,0.0
12.173,0.160,0.000,0.165,6,105.58,-0.911,0.012,6403,0.0
12.191,0.040,0.000,0.123,6,104.51,-0.912,0.010,6353,0.0
12.206,-0.080,0.000,0.093,6,103.51,-0.913,0.009,6304,0.0
12.240,0.040,0.000,0.069,6,102.63,-0.914,0.009,6257,0.0
12.257,0.100,0.000,0.052,6,102.18,-0.915,0.007,6226,0.0
12.275,0.160,0.000,0.039,6,101.96,-0.915,0.001,6215,0.0
12.291,0.220,0.000,0.029,6,101.76,-0.915,-0.008,6206,0.0
12.323,0.280,0.000,0.022,6,101.57,-0.913,-0.019,6197,0.0
12.339,0.160,0.000,0.016,6,101.41,-0.911,-0.031,6189,0.0
12.356,0.040,0.000,0.012,6,101.30,-0.908,-0.040,6183,0.0
12.373,-0.080,0.000,0.009,6,101.19,-0.905,-0.044,6177,0.0
12.391,0.040,0.000,0.007,6,101.10,-0.902,-0.045,6172,0.0
12.408,-0.080,0.000,0.005,6,101.01,-0.899,-0.045,6167,0.0
12.480,-0.020,0.000,0.004,6,100.93,-0.895,-0.043,6163,0.0
12.485,0.040,0.000,0.003,6,100.85,-0.892,-0.042,6158,0.0
12.491,0.100,0.000,0.002,6,100.76,-0.888,-0.045,6154,0.0
12.505,0.160,0.000,0.002,6,100.67,-0.883,-0.050,6148,0.0
12.508,0.220,0.000,0.001,6,100.56,-0.878,-0.059,6142,0.0
12.530,0.280,0.000,0.001,6,100.44,-0.872,-0.070,6135,0.0
12.552,0.330,0.000,0.001,6,100.30,-0.865,-0.084,6127,0.0
12.583,0.331,0.000,0.001,6,100.16,-0.857,-0.099,6119,0.0
12.598,0.332,0.000,0.000,6,100.02,-0.847,-0.116,6110,0.0
12.612,0.212,0.000,0.000,6,99.86,-0.837,-0.134,6101,0.0
12.639,0.092,0.000,0.000,6,99.73,-0.825,-0.151,6093,0.0
12.657,-0.028,0.000,0.000,6,99.63,-0.813,-0.165,6085,0.0
12.674,0.092,0.000,0.000,6,99.55,-0.799,-0.174,6080,0.0
12.691,-0.028,0.000,0.000,6,99.46,-0.785,-0.180,6075,0.0
12.708,0.092,0.000,0.000,6,99.39,-0.771,-0.183,6070,0.0
12.740,-0.028,0.000,0.000,6,99.31,-0.755,-0.186,6066,0.0
12.758,0.032,0.000,0.000,6,99.24,-0.740,-0.188,6061,0.0
12.774,0.092,0.000,0.000,6,99.17,-0.723,-0.189,6057,0.0
12.791,0.152,0.000,0.000,6,99.09,-0.707,-0.191,6053,0.0
12.809,0.212,0.000,0.000,6,99.01,-0.689,-0.196,6048,0.0
12.841,0.092,0.000,0.000,6,98.91,-0.671,-0.204,6042,0.0
12.858,-0.028,0.000,0.000,6,98.83,-0.653,-0.212,6036,0.0
12.875,0.092,0.000,0.000,6,98.76,-0.634,-0.217,6032,0.0
12.892,-0.028,0.000,0.000,6,98.69,-0.614,-0.221,6028,0.0
12.909,0.092,0.000,0.000,6,98.62,-0.595,-0.223,6024,0.0
12.941,-0.028,0.000,0.000,6,98.55,-0.575,-0.225,6019,0.0
12.958,0.092,0.000,0.000,6,98.48,-0.555,-0.227,6015,0.0
12.975,-0.028,0.000,0.000,6,98.41,-0.534,-0.229,6011,0.0
12.991,0.092,0.000,0.000,6,98.35,-0.514,-0.231,6007,0.0
13.008,-0.028,0.000,0.000,6,98.28,-0.493,-0.232,6003,0.0
13.042,0.092,0.000,0.000,6,98.21,-0.472,-0.234,5999,0.0
13.058,-0.028,0.000,0.000,6,98.14,-0.451,-0.236,5995,0.0
13.075,0.092,0.000,0.000,6,98.08,-0.430,-0.238,5991,0.0
13.092,-0.028,0.000,0.000,6,98.01,-0.409,-0.240,5986,0.0
13.109,0.092,0.000,0.000,6,97.94,-0.387,-0.242,5982,0.0
13.141,-0.028,0.000,0.000,6,97.87,-0.366,-0.243,5978,0.0
13.157,0.092,0.000,0.000,6,97.81,-0.344,-0.245,5974,0.0
13.176,-0.028,0.000,0.000,6,97.74,-0.322,-0.247,5970,0.0
13.192,0.092,0.000,0.000,6,97.68,-0.300,-0.249,5966,0.0
13.209,-0.028,0.000,0.000,6,97.61,-0.278,-0.251,5962,0.0
13.243,0.092,0.000,0.000,6,97.55,-0.255,-0.253,5958,0.0
13.259,-0.028,0.150,0.000,6,97.48,-0.233,-0.254,5954,0.0
13.277,0.092,0.277,0.000,6,97.46,-0.210,-0.256,5975,0.0
13.294,-0.028,0.386,0.000,6,97.50,-0.187,-0.258,5997,0.0
13.309,0.092,0.328,0.000,6,97.58,-0.164,-0.260,6018,0.0
13.343,-0.028,0.279,0.000,6,97.66,-0.141,-0.261,6014,0.0
13.359,0.092,0.237,0.000,6,97.73,-0.117,-0.263,6010,0.0
13.376,-0.028,0.201,0.000,6,97.77,-0.094,-0.264,6007,0.0
13.393,0.092,0.171,0.000,6,97.79,-0.070,-0.266,6003,0.0
13.410,-0.028,0.296,0.000,6,97.80,-0.046,-0.268,5999,0.0
13.428,0.092,0.401,0.000,6,97.86,-0.022,-0.269,6021,0.0
13.460,-0.028,0.491,0.000,6,97.94,0.002,-0.271,6043,0.0
13.475,0.092,0.417,0.000,6,98.08,0.026,-0.273,6065,0.0
13.494,-0.028,0.355,0.000,6,98.20,0.051,-0.274,6061,0.0
13.509,0.092,0.302,0.000,6,98.30,0.075,-0.276,6058,0.0
13.527,-0.028,0.256,0.000,6,98.37,0.100,-0.277,6054,0.0
13.559,0.092,0.218,0.000,6,98.42,0.125,-0.279,6050,0.0
13.575,-0.028,0.335,0.000,6,98.45,0.150,-0.281,6046,0.0
13.593,0.092,0.435,0.000,6,98.52,0.175,-0.282,6068,0.0
13.610,-0.028,0.520,0.000,6,98.62,0.201,-0.284,6090,0.0
13.626,0.092,0.442,0.000,6,98.77,0.227,-0.286,6112,0.0
13.660,-0.028,0.375,0.000,6,98.90,0.252,-0.287,6108,0.0
13.675,0.092,0.319,0.000,6,99.01,0.278,-0.289,6104,0.0
13.692,-0.028,0.421,0.000,6,99.09,0.304,-0.290,6100,0.0
13.708,0.092,0.508,0.000,6,99.19,0.331,-0.292,6122,0.0
13.741,-0.028,0.582,0.000,6,99.32,0.357,-0.293,6146,0.0
13.758,0.092,0.645,0.000,6,99.50,0.384,-0.295,6169,0.0
13.775,-0.028,0.548,0.000,6,99.70,0.411,-0.297,6192,0.0
13.792,0.092,0.466,0.000,6,99.89,0.438,-0.298,6188,0.0
13.809,-0.028,0.396,0.000,6,100.04,0.465,-0.300,6184,0.0
13.842,0.092,0.336,0.000,6,100.16,0.492,-0.301,6179,0.0
13.857,-0.028,0.286,0.000,6,100.24,0.520,-0.303,6175,0.0
13.876,0.092,0.243,0.000,6,100.31,0.548,-0.305,6171,0.0
13.893,-0.028,0.207,0.000,6,100.35,0.575,-0.306,6167,0.0
13.909,0.092,0.176,0.000,6,100.38,0.604,-0.308,6163,0.0
13.927,-0.028,0.149,0.000,6,100.39,0.632,-0.310,6159,0.0
13.959,0.092,0.127,0.000,6,100.39,0.660,-0.311,6154,0.0
13.976,-0.028,0.108,0.000,6,100.38,0.689,-0.313,6151,0.0
13.993,0.092,0.092,0.000,6,100.36,0.717,-0.315,6147,0.0
14.008,-0.028,0.078,0.000,6,100.34,0.746,-0.310,6143,0.0
14.027,0.092,0.066,0.000,6,100.31,0.773,-0.293,6139,0.0
14.059,0.152,0.056,0.000,6,100.27,0.799,-0.276,6134,0.0
14.075,0.212,0.048,0.000,6,100.22,0.824,-0.261,6131,0.0
14.092,0.272,0.041,0.000,6,100.14,0.847,-0.250,6127,0.0
14.115,0.332,0.035,0.000,6,100.05,0.870,-0.242,6121,0.0
14.130,0.333,0.029,0.000,6,99.92,0.892,-0.237,6113,0.0
14.158,0.334,0.025,0.000,6,99.79,0.913,-0.234,6105,0.0
14.174,0.335,0.021,0.000,6,99.66,0.933,-0.233,6096,0.0
14.191,0.336,0.018,0.000,6,99.51,0.953,-0.232,6084,0.0
14.209,0.337,0.015,0.000,6,99.36,0.973,-0.230,6075,0.0
14.241,0.338,0.013,0.000,6,99.21,0.992,-0.228,6064,0.0
14.257,0.339,0.011,0.000,6,99.08,1.010,-0.225,6053,0.0
14.275,0.339,0.009,0.000,6,98.99,1.027,-0.218,6048,0.0
14.292,0.340,0.008,0.000,6,98.91,1.043,-0.207,6041,0.0
14.309,0.341,0.007,0.000,6,98.80,1.059,-0.196,6039,0.0
14.327,0.341,0.006,0.000,6,98.69,1.073,-0.184,6031,0.0
14.360,0.342,0.005,0.000,6,98.56,1.086,-0.173,6022,0.0
14.378,0.343,0.004,0.000,6,98.37,1.099,-0.165,6015,0.0
14.396,0.344,0.004,0.000,6,98.12,1.110,-0.163,6023,0.0
14.415,0.346,0.003,0.000,6,97.84,1.121,-0.168,6034,0.0
14.435,0.348,0.003,0.000,6,97.53,1.130,-0.178,6000,0.0
14.455,0.350,0.002,0.000,6,97.15,1.140,-0.188,5949,0.0
14.477,0.352,0.002,0.000,6,96.74,1.149,-0.194,5927,0.0
14.500,0.355,0.002,0.000,6,96.40,1.159,-0.197,5905,0.0
14.524,0.357,0.001,0.000,6,96.13,1.169,-0.196,5883,0.0
14.549,0.359,0.001,0.000,6,95.90,1.178,-0.191,5865,0.0
14.551,0.361,0.001,0.000,6,95.68,1.186,-0.184,5857,0.0
14.577,0.362,0.001,0.000,6,95.46,1.194,-0.173,5844,0.0
14.604,0.364,0.001,0.000,6,95.26,1.202,-0.162,5829,0.0
14.631,0.365,0.001,0.000,6,95.07,1.208,-0.152,5818,0.0
14.633,0.366,0.001,0.000,6,94.88,1.215,-0.144,5807,0.0
14.661,0.367,0.000,0.000,6,94.67,1.220,-0.137,5794,0.0
14.690,0.369,0.000,0.000,6,94.40,1.224,-0.131,5775,0.0
14.692,0.371,0.000,0.000,6,94.11,1.229,-0.126,5759,0.0
14.722,0.373,0.000,0.000,6,93.83,1.233,-0.122,5743,0.0
14.752,0.374,0.000,0.000,6,93.57,1.237,-0.120,5730,0.0
14.754,0.376,0.000,0.000,6,93.32,1.240,-0.119,5717,0.0
14.786,0.378,0.000,0.000,6,93.06,1.243,-0.119,5701,0.0
14.788,0.258,0.000,0.000,6,92.77,1.245,-0.117,5686,0.0
14.820,0.138,0.000,0.000,6,92.48,1.247,-0.114,5666,0.0
14.854,0.018,0.000,0.000,6,92.25,1.249,-0.111,5649,0.0
14.856,0.000,0.000,0.000,6,92.07,1.251,-0.107,5637,0.0
14.891,0.000,0.000,0.000,6,91.91,1.252,-0.102,5627,0.0
14.893,0.000,0.000,0.000,6,91.75,1.252,-0.097,5617,0.0
14.928,0.000,0.000,0.000,6,91.56,1.251,-0.090,5609,0.0
14.930,0.000,0.000,0.000,6,91.40,1.251,-0.081,5595,0.0
14.966,0.000,0.000,0.000,6,91.27,1.250,-0.071,5584,0.0
15.002,0.000,0.000,0.000,6,91.16,1.249,-0.061,5575,0.0
15.004,0.000,0.000,0.000,6,91.07,1.247,-0.051,5567,0.0
15.040,0.000,0.000,0.000,6,90.97,1.244,-0.040,5561,0.0
15.043,0.000,0.000,0.000,6,90.85,1.241,-0.027,5556,0.0
15.080,0.000,0.000,0.000,6,90.74,1.238,-0.013,5549,0.0
15.082,0.060,0.000,0.000,6,90.66,1.234,0.002,5540,0.0
15.120,0.120,0.000,0.000,6,90.58,1.230,0.017,5537,0.0
15.121,0.180,0.000,0.000,6,90.50,1.225,0.030,5534,0.0
15.159,0.240,0.000,0.000,6,90.42,1.220,0.042,5527,0.0
15.161,0.300,0.000,0.000,6,90.29,1.214,0.054,5519,0.0
15.200,0.360,0.000,0.000,6,90.12,1.208,0.063,5508,0.0
15.202,0.399,0.000,0.000,6,89.96,1.201,0.070,5500,0.0
15.240,0.400,0.000,0.000,6,89.81,1.194,0.075,5493,0.0
15.242,0.401,0.000,0.000,6,89.67,1.187,0.078,5492,0.0
15.282,0.402,0.000,0.000,6,89.53,1.179,0.078,5482,0.0
15.284,0.403,0.000,0.000,6,89.37,1.170,0.078,5464,0.0
15.324,0.404,0.000,0.000,6,89.15,1.162,0.079,5452,0.0
15.326,0.406,0.000,0.000,6,88.95,1.154,0.079,5439,0.0
15.365,0.407,0.000,0.000,6,88.76,1.145,0.078,5430,0.0
15.367,0.408,0.000,0.000,6,88.58,1.137,0.076,5422,0.0
15.369,0.409,0.000,0.000,6,88.39,1.128,0.072,5411,0.0
15.408,0.411,0.000,0.000,6,88.19,1.120,0.067,5397,0.0
15.410,0.412,0.000,0.000,6,87.96,1.111,0.062,5381,0.0
15.449,0.414,0.000,0.000,6,87.72,1.103,0.060,5366,0.0
15.451,0.415,0.000,0.000,6,87.51,1.095,0.059,5352,0.0
15.491,0.417,0.000,0.000,6,87.30,1.087,0.057,5341,0.0
15.493,0.418,0.000,0.000,6,87.10,1.079,0.055,5330,0.0
15.533,0.419,0.000,0.000,6,86.88,1.071,0.052,5318,0.0
15.535,0.421,0.000,0.000,6,86.57,1.064,0.044,5308,0.0
15.576,0.423,0.000,0.000,6,86.27,1.057,0.033,5292,0.0
15.578,0.425,0.000,0.000,6,86.01,1.050,0.021,5278,0.0
15.619,0.427,0.000,0.000,6,85.78,1.044,0.011,5262,0.0
15.621,0.428,0.000,0.000,6,85.61,1.038,0.009,5239,0.0
15.663,0.429,0.000,0.000,6,85.51,1.032,0.014,5236,0.0
15.665,0.430,0.000,0.000,6,85.43,1.026,0.022,5236,0.0
15.707,0.430,0.000,0.000,6,85.30,1.020,0.028,5236,0.0
15.709,0.431,0.000,0.000,6,85.15,1.014,0.032,5236,0.0
15.711,0.432,0.000,0.000,6,84.97,1.006,0.033,5236,0.0
15.755,0.434,0.000,0.000,6,84.79,0.999,0.031,5236,0.0
15.758,0.435,0.000,0.000,6,84.60,0.991,0.028,5236,0.0
15.804,0.436,0.000,0.000,6,84.38,0.983,0.023,5236,0.0
15.806,0.437,0.000,0.000,6,84.12,0.976,0.019,5236,0.0
15.854,0.439,0.000,0.000,6,83.87,0.969,0.014,5236,0.0
15.856,0.441,0.000,0.000,6,83.62,0.963,0.010,5236,0.0
15.859,0.443,0.000,0.000,6,83.39,0.958,0.007,5236,0.0
15.906,0.444,0.000,0.000,6,83.17,0.954,0.004,5236,0.0
15.908,0.446,0.000,0.000,6,82.96,0.950,-0.000,5236,0.0
15.956,0.447,0.000,0.000,6,82.76,0.946,-0.005,5236,0.0
15.959,0.327,0.000,0.000,6,82.57,0.943,-0.010,5236,0.0
15.961,0.207,0.000,0.000,6,82.39,0.939,-0.015,5236,0.0
16.008,0.087,0.000,0.000,6,82.23,0.936,-0.020,5236,0.0
16.011,-0.033,0.000,0.000,6,82.12,0.933,-0.022,5236,0.0
16.013,0.087,0.000,0.000,6,82.03,0.929,-0.020,5236,0.0
16.059,-0.033,0.000,0.000,6,81.94,0.926,-0.015,5236,0.0
16.061,0.087,0.000,0.000,6,81.88,0.923,-0.014,5236,0.0
16.108,-0.033,0.000,0.000,6,81.81,0.920,-0.020,5236,0.0
16.110,0.027,0.000,0.000,6,81.76,0.919,-0.023,5236,0.0
16.113,0.087,0.000,0.000,6,81.72,0.919,-0.026,5236,0.0
16.162,0.147,0.000,0.000,6,81.67,0.920,-0.029,5236,0.0
16.164,0.207,0.000,0.000,6,81.61,0.921,-0.033,5236,0.0
16.213,0.267,0.000,0.000,6,81.54,0.923,-0.039,5236,0.0
16.216,0.147,0.000,0.000,6,81.47,0.926,-0.046,5236,0.0
16.218,0.027,0.000,0.000,6,81.41,0.930,-0.054,5236,0.0
16.268,-0.093,0.000,0.000,6,81.37,0.934,-0.061,5236,0.0
16.270,0.027,0.000,0.000,6,81.34,0.939,-0.062,5236,0.0
16.272,-0.093,0.000,0.000,6,81.29,0.943,-0.062,5236,0.0
16.322,0.027,0.000,0.000,6,81.26,0.947,-0.061,5236,0.0
16.324,-0.093,0.000,0.000,6,81.21,0.952,-0.059,5236,0.0
16.373,0.027,0.000,0.000,6,81.18,0.956,-0.058,5236,0.0
16.376,-0.093,0.000,0.000,6,81.14,0.960,-0.056,5236,0.0
16.378,0.027,0.000,0.000,6,81.08,0.964,-0.054,5236,0.0
16.427,-0.093,0.000,0.000,6,81.04,0.968,-0.052,5236,0.0
16.429,-0.033,0.000,0.000,6,81.00,0.972,-0.050,5236,0.0
16.432,0.027,0.000,0.000,6,80.96,0.976,-0.037,5236,0.0
16.480,0.087,0.000,0.000,6,80.93,0.978,-0.011,5236,0.0
16.482,0.147,0.000,0.000,6,80.89,0.978,0.013,5236,0.0
16.531,0.207,0.000,0.000,6,80.84,0.976,0.035,5236,0.0
16.533,0.267,0.000,0.000,6,80.78,0.974,0.053,5236,0.0
16.536,0.327,0.000,0.000,6,80.70,0.970,0.068,5236,0.0
16.585,0.387,0.000,0.000,6,80.61,0.965,0.080,5236,0.0
16.601,0.447,0.000,0.000,6,80.51,0.959,0.086,5236,0.0
16.653,0.463,0.000,0.000,6,80.41,0.953,0.091,5236,0.0
16.655,0.464,0.000,0.000,6,80.30,0.946,0.094,5236,0.0
16.658,0.465,0.000,0.000,6,80.17,0.938,0.095,5236,0.0
16.660,0.466,0.000,0.000,6,80.02,0.931,0.096,5236,0.0
16.709,0.467,0.000,0.000,6,79.87,0.923,0.098,5236,0.0
16.711,0.468,0.000,0.000,6,79.70,0.915,0.098,5236,0.0
16.714,0.469,0.000,0.000,6,79.54,0.907,0.096,5236,0.0
16.762,0.470,0.000,0.000,6,79.37,0.899,0.094,5236,0.0
16.765,0.471,0.000,0.000,6,79.21,0.892,0.091,5236,0.0
16.814,0.472,0.000,0.000,6,79.04,0.884,0.088,5236,0.0
16.817,0.473,0.000,0.000,6,78.87,0.876,0.084,5236,0.0
16.819,0.474,0.000,0.000,6,78.70,0.869,0.080,5236,0.0
16.870,0.475,0.000,0.000,6,78.52,0.861,0.075,5236,0.0
16.872,0.477,0.000,0.000,6,78.34,0.854,0.070,5236,0.0
16.875,0.478,0.000,0.000,6,78.17,0.847,0.067,5236,0.0
16.928,0.479,0.000,0.000,6,77.98,0.840,0.064,5236,0.0
16.930,0.480,0.000,0.000,6,77.79,0.833,0.061,5236,0.0
16.933,0.481,0.000,0.000,6,77.60,0.827,0.058,5236,0.0
16.987,0.483,0.000,0.000,6,77.41,0.821,0.054,5236,0.0
16.989,0.363,0.000,0.000,6,77.20,0.814,0.048,5236,0.0
17.044,0.243,0.000,0.000,6,76.99,0.808,0.041,5236,0.0
17.047,0.123,0.000,0.000,6,76.79,0.802,0.035,5236,0.0
17.050,0.003,0.000,0.000,6,76.63,0.796,0.029,5236,0.0
17.105,0.000,0.000,0.000,6,76.52,0.791,0.028,5236,0.0
17.108,0.060,0.000,0.000,6,76.43,0.785,0.032,5236,0.0
17.110,0.120,0.000,0.000,6,76.37,0.779,0.041,5236,0.0
17.167,0.180,0.000,0.000,6,76.30,0.773,0.052,5236,0.0
17.170,0.240,0.000,0.000,6,76.23,0.767,0.062,5236,0.0
17.172,0.300,0.000,0.000,6,76.14,0.760,0.071,5236,0.0
17.230,0.360,0.000,0.000,6,76.04,0.754,0.078,5236,0.0
17.232,0.240,0.000,0.000,6,75.94,0.748,0.083,5236,0.0
17.291,0.120,0.000,0.000,6,75.82,0.742,0.086,5236,0.0
17.293,0.000,0.000,0.000,6,75.73,0.736,0.087,5236,0.0
17.296,0.000,0.000,0.000,6,75.68,0.729,0.090,5236,0.0
17.355,0.000,0.000,0.000,6,75.64,0.722,0.098,5236,0.0
17.357,0.060,0.000,0.000,6,75.59,0.714,0.110,5236,0.0
17.360,0.120,0.000,0.000,6,75.54,0.704,0.124,5236,0.0
17.420,0.180,0.000,0.000,6,75.48,0.694,0.136,5236,0.0
17.422,0.060,0.000,0.000,6,75.41,0.684,0.146,5236,0.0
17.425,-0.060,0.000,0.000,6,75.34,0.673,0.154,5236,0.0
17.485,0.060,0.000,0.000,6,75.29,0.661,0.160,5236,0.0
17.488,0.120,0.000,0.000,6,75.23,0.649,0.171,5236,0.0
17.491,0.180,0.000,0.000,6,75.18,0.635,0.183,5236,0.0
17.550,0.240,0.000,0.000,6,75.11,0.621,0.192,5236,0.0
17.553,0.300,0.000,0.000,6,75.03,0.607,0.199,5236,0.0
17.555,0.360,0.000,0.000,6,74.94,0.593,0.202,5236,0.0
17.615,0.420,0.000,0.000,6,74.85,0.578,0.203,5236,0.0
17.618,0.480,0.000,0.000,6,74.74,0.564,0.201,5236,0.0
17.620,0.502,0.000,0.000,6,74.61,0.549,0.197,5236,0.0
17.680,0.503,0.000,0.000,6,74.48,0.536,0.190,5236,0.0
17.683,0.503,0.000,0.000,6,74.34,0.522,0.183,5236,0.0
17.685,0.504,0.000,0.000,6,74.19,0.509,0.174,5236,0.0
17.747,0.505,0.000,0.000,6,74.03,0.497,0.163,5236,0.0
17.749,0.506,0.000,0.000,6,73.88,0.485,0.152,5236,0.0
17.752,0.507,0.000,0.000,6,73.72,0.474,0.140,5236,0.0
17.814,0.509,0.000,0.000,6,73.56,0.464,0.127,5236,0.0
17.816,0.510,0.000,0.000,6,73.38,0.454,0.114,5236,0.0
17.819,0.511,0.000,0.000,6,73.21,0.445,0.100,5236,0.0
17.882,0.512,0.000,0.000,6,73.02,0.437,0.087,5236,0.0
17.885,0.513,0.000,0.000,6,72.83,0.430,0.073,5236,0.0
17.887,0.514,0.000,0.000,6,72.64,0.423,0.059,5236,0.0
17.949,0.516,0.000,0.000,6,72.43,0.417,0.045,5236,0.0
17.951,0.517,0.000,0.000,6,72.23,0.412,0.031,5236,0.0
17.954,0.518,0.000,0.000,6,72.01,0.408,0.016,5236,0.0
18.018,0.520,0.000,0.000,6,71.80,0.404,0.001,5236,0.0
18.021,0.521,0.000,0.000,6,71.57,0.402,-0.014,5236,0.0
18.024,0.523,0.000,0.000,6,71.35,0.400,-0.029,5236,0.0
18.092,0.524,0.000,0.000,6,71.11,0.400,-0.044,5236,0.0
18.095,0.404,0.000,0.000,6,70.88,0.400,-0.059,5236,0.0
18.097,0.284,0.000,0.000,6,70.64,0.401,-0.074,5236,0.0
18.100,0.164,0.000,0.000,6,70.41,0.403,-0.089,5236,0.0
18.170,0.044,0.000,0.000,6,70.22,0.406,-0.104,5236,0.0
18.173,-0.076,0.000,0.000,6,70.07,0.409,-0.117,5236,0.0
18.176,0.044,0.000,0.000,6,69.96,0.413,-0.125,5236,0.0
18.247,-0.076,0.000,0.000,6,69.87,0.418,-0.126,5236,0.0
18.250,0.044,0.150,0.000,6,69.81,0.423,-0.122,5236,0.0
18.253,-0.076,0.278,0.000,6,69.76,0.428,-0.116,5236,0.0
18.256,0.044,0.386,0.000,6,69.75,0.434,-0.107,5236,0.0
18.325,-0.076,0.478,0.000,6,69.81,0.439,-0.097,5236,0.0
18.328,0.044,0.556,0.000,6,69.92,0.445,-0.087,5236,0.0
18.330,-0.076,0.623,0.000,6,70.05,0.450,-0.077,5236,0.0
18.397,0.044,0.679,0.000,6,70.22,0.455,-0.067,5236,0.0
18.400,-0.076,0.728,0.000,6,70.42,0.459,-0.057,5236,0.0
18.403,0.044,0.768,0.000,6,70.63,0.462,-0.047,5236,0.0
18.468,-0.076,0.803,0.000,6,70.87,0.465,-0.037,5236,0.0
18.471,0.044,0.833,0.000,6,71.12,0.468,-0.027,5236,0.0
18.474,-0.076,0.858,0.000,6,71.38,0.469,-0.017,5236,0.0
18.477,0.044,0.879,0.000,6,71.66,0.470,-0.008,5236,0.0
18.541,-0.076,0.897,0.000,6,71.95,0.470,0.002,5236,0.0
18.544,0.044,0.913,0.000,6,72.25,0.470,0.012,5236,0.0
18.546,-0.076,0.926,0.000,6,72.55,0.469,0.021,5236,0.0
18.610,0.044,0.937,0.000,6,72.86,0.467,0.031,5236,0.0
18.613,-0.076,0.946,0.000,6,73.17,0.464,0.041,5236,0.0
18.615,0.044,0.954,0.000,6,73.49,0.461,0.051,5236,0.0
18.678,-0.076,0.961,0.000,6,73.81,0.456,0.061,5236,0.0
18.681,0.044,0.967,0.000,6,74.13,0.452,0.070,5236,0.0
18.683,-0.076,0.972,0.000,6,74.46,0.446,0.080,5236,0.0
18.746,0.044,0.976,0.000,6,74.79,0.439,0.089,5236,0.0
18.749,-0.016,0.980,0.000,6,75.11,0.432,0.099,5236,0.0
18.751,-0.076,0.983,0.000,6,75.45,0.424,0.109,5236,0.0
18.851,-0.136,0.985,0.000,6,75.78,0.416,0.118,5236,0.0
18.854,-0.196,0.988,0.000,6,76.11,0.406,0.128,5236,0.0
18.857,-0.256,0.989,0.000,6,76.43,0.396,0.141,5236,0.0
18.859,-0.316,0.991,0.000,6,76.74,0.384,0.156,5236,0.0
18.862,-0.376,0.992,0.000,6,77.03,0.370,0.174,5236,0.0
18.923,-0.436,0.994,0.000,6,77.30,0.355,0.194,5236,0.0
18.925,-0.316,0.994,0.000,6,77.56,0.338,0.216,5236,0.0
18.928,-0.196,0.995,0.000,6,77.81,0.320,0.240,5236,0.0
18.988,-0.076,0.996,0.000,6,78.08,0.299,0.264,5236,0.0
18.990,0.044,0.997,0.000,6,78.41,0.277,0.287,5236,0.0
18.993,0.104,0.997,0.000,6,78.77,0.254,0.304,5236,0.0
19.053,0.164,0.998,0.000,6,79.12,0.230,0.316,5236,0.0
19.055,0.224,0.998,0.000,6,79.44,0.205,0.322,5236,0.0
19.058,0.284,0.998,0.000,6,79.75,0.180,0.325,5236,0.0
19.118,0.344,0.998,0.000,6,80.05,0.154,0.326,5236,0.0
19.120,0.404,0.849,0.000,6,80.34,0.129,0.324,5236,0.0
19.123,0.464,0.721,0.000,6,80.61,0.104,0.320,5236,0.0
19.182,0.463,0.613,0.000,6,80.83,0.079,0.311,5236,0.0
19.184,0.343,0.671,0.000,6,80.99,0.055,0.296,5236,0.0
19.187,0.223,0.721,0.000,6,81.10,0.032,0.279,5236,0.0
19.245,0.103,0.762,0.000,6,81.22,0.010,0.263,5236,0.0
19.247,0.163,0.798,0.000,6,81.41,-0.010,0.248,5236,0.0
19.249,0.223,0.828,0.000,6,81.65,-0.030,0.236,5236,0.0
19.306,0.283,0.854,0.000,6,81.89,-0.050,0.228,5236,0.0
19.308,0.343,0.876,0.000,6,82.12,-0.068,0.218,5236,0.0
19.310,0.403,0.895,0.000,6,82.34,-0.086,0.208,5236,0.0
19.366,0.451,0.910,0.000,6,82.56,-0.103,0.196,5236,0.0
19.369,0.450,0.924,0.000,6,82.77,-0.118,0.183,5236,0.0
19.371,0.448,0.935,0.000,6,82.98,-0.133,0.168,5236,0.0
19.427,0.447,0.945,0.000,6,83.18,-0.146,0.152,5248,0.0
19.430,0.445,0.953,0.000,6,83.39,-0.158,0.135,5272,0.0
19.485,0.444,0.960,0.000,6,83.61,-0.169,0.118,5295,0.0
19.487,0.443,0.966,0.000,6,83.83,-0.179,0.100,5317,0.0
19.490,0.441,0.971,0.000,6,84.05,-0.187,0.082,5338,0.0
19.545,0.440,0.976,0.000,6,84.27,-0.194,0.064,5356,0.0
19.548,0.438,0.979,0.000,6,84.50,-0.200,0.046,5375,0.0
19.551,0.437,0.982,0.000,6,84.72,-0.204,0.028,5395,0.0
19.604,0.435,0.985,0.000,6,84.95,-0.207,0.010,5415,0.0
19.606,0.315,0.987,0.000,6,85.18,-0.209,-0.008,5434,0.0
19.658,0.195,0.989,0.000,6,85.41,-0.209,-0.026,5452,0.0
19.661,0.135,0.991,0.000,6,85.65,-0.208,-0.043,5468,0.0
19.663,0.075,0.992,0.000,6,85.94,-0.205,-0.060,5480,0.0
19.714,0.015,0.993,0.000,6,86.26,-0.201,-0.073,5483,0.0
19.716,-0.045,0.994,0.000,6,86.62,-0.197,-0.083,5481,0.0
19.765,-0.105,0.995,0.000,6,86.98,-0.191,-0.089,5478,0.0
19.768,-0.165,0.996,0.000,6,87.36,-0.185,-0.090,5479,0.0
19.770,-0.225,0.997,0.000,6,87.72,-0.178,-0.088,5492,0.0
19.819,-0.285,0.997,0.000,6,88.06,-0.172,-0.082,5513,0.0
19.821,-0.165,0.997,0.000,6,88.39,-0.166,-0.073,5539,0.0
19.869,-0.045,0.998,0.000,6,88.70,-0.161,-0.062,5568,0.0
19.871,0.015,0.998,0.000,6,89.04,-0.157,-0.050,5590,0.0
19.918,0.075,0.998,0.000,6,89.41,-0.153,-0.042,5603,0.0
19.921,0.135,0.999,0.000,6,89.78,-0.149,-0.039,5618,0.0
19.923,0.195,0.999,0.000,6,90.14,-0.145,-0.040,5640,0.0
19.968,0.255,0.999,0.000,6,90.49,-0.140,-0.044,5668,0.0
19.971,0.315,0.999,0.000,6,90.82,-0.135,-0.051,5698,0.0
20.015,0.375,0.999,0.000,6,91.14,-0.130,-0.061,5730,0.0
20.018,0.255,0.999,0.000,6,91.45,-0.123,-0.073,5763,0.0
20.062,0.135,1.000,0.000,6,91.74,-0.115,-0.087,5795,0.0
20.064,0.075,1.000,0.000,6,92.05,-0.106,-0.102,5824,0.0
20.105,0.015,1.000,0.000,6,92.42,-0.096,-0.115,5838,0.0
20.107,-0.045,1.000,0.000,6,92.81,-0.086,-0.125,5846,0.0
20.146,-0.105,1.000,0.000,6,93.20,-0.074,-0.130,5854,0.0
20.148,-0.165,1.000,0.000,6,93.59,-0.063,-0.131,5867,0.0
20.184,-0.225,1.000,0.000,6,93.96,-0.052,-0.128,5888,0.0
20.187,-0.105,1.000,0.000,6,94.32,-0.040,-0.122,5914,0.0
20.221,0.015,1.000,0.000,6,94.67,-0.030,-0.113,5943,0.0
20.254,0.000,1.000,0.000,6,95.04,-0.020,-0.104,5967,0.0
20.257,0.000,1.000,0.000,6,95.44,-0.010,-0.099,5983,0.0
20.290,0.000,1.000,0.000,6,95.83,-0.000,-0.097,6003,0.0
20.321,-0.060,1.000,0.000,6,96.21,0.010,-0.097,6028,0.0
20.324,-0.120,1.000,0.000,6,96.60,0.019,-0.097,6054,0.0
20.355,-0.180,1.000,0.000,6,96.99,0.029,-0.095,6079,0.0
20.386,-0.240,1.000,0.000,6,97.36,0.038,-0.092,6106,0.0
20.388,-0.120,1.000,0.000,6,97.72,0.047,-0.085,6136,0.0
20.418,0.000,1.000,0.000,6,98.07,0.054,-0.076,6167,0.0
20.448,0.000,1.000,0.000,6,98.44,0.061,-0.066,6193,0.0
20.450,0.000,1.000,0.000,6,98.85,0.068,-0.060,6208,0.0
20.479,0.000,1.000,0.000,6,99.26,0.075,-0.058,6226,0.0
20.508,0.000,1.000,0.000,6,99.66,0.081,-0.057,6250,0.0
20.537,-0.060,1.000,0.000,6,100.06,0.087,-0.057,6276,0.0
20.539,-0.120,1.000,0.000,6,100.46,0.093,-0.057,6302,0.0
20.568,-0.180,1.000,0.000,6,100.86,0.099,-0.056,6329,0.0
20.597,-0.240,1.000,0.000,6,101.25,0.105,-0.052,6358,0.0
20.625,-0.120,1.000,0.000,6,101.63,0.109,-0.045,6389,0.0
20.628,0.000,1.000,0.000,6,101.99,0.113,-0.035,6421,0.0
20.656,0.000,1.000,0.000,6,102.37,0.117,-0.025,6448,0.0
20.684,0.000,1.000,0.000,6,102.80,0.119,-0.019,6464,0.0
20.713,0.000,1.000,0.000,6,103.22,0.122,-0.017,6482,0.0
20.716,-0.060,1.000,0.000,6,103.64,0.124,-0.016,6506,0.0
20.745,-0.120,1.000,0.000,6,104.05,0.127,-0.016,6532,0.0
20.773,-0.180,1.000,0.000,6,104.47,0.128,-0.015,6560,0.0
20.803,-0.240,1.000,0.000,6,104.87,0.130,-0.011,6590,0.0
20.805,-0.120,1.000,0.000,6,105.26,0.131,-0.004,6622,0.0
20.835,0.000,1.000,0.000,6,105.63,0.131,0.006,6662,0.0
20.865,0.000,1.000,0.000,6,106.02,0.130,0.016,6691,0.0
20.868,0.000,1.000,0.000,6,106.46,0.128,0.023,6706,0.0
20.898,0.000,1.000,0.000,6,106.90,0.126,0.025,6722,0.0
20.928,0.000,1.000,0.000,6,107.34,0.124,0.026,6745,0.0
20.946,-0.060,1.000,0.000,6,107.77,0.122,0.026,6771,0.0
20.962,-0.120,1.000,0.000,6,108.20,0.120,0.026,6798,0.0
20.994,-0.180,1.000,0.000,6,108.64,0.117,0.028,6827,0.0
21.026,-0.240,1.000,0.000,6,109.05,0.114,0.029,6858,0.0
21.029,-0.273,1.000,0.000,6,109.46,0.111,0.029,6892,0.0
21.061,-0.270,1.000,0.000,6,109.84,0.107,0.033,6934,0.0
21.064,-0.268,1.000,0.000,6,110.21,0.103,0.039,6974,0.0
21.096,-0.265,1.000,0.000,6,110.59,0.099,0.046,7010,0.0
21.129,-0.263,1.000,0.000,6,110.96,0.095,0.055,7044,0.0
21.132,-0.260,1.000,0.000,6,111.33,0.089,0.065,7076,0.0
21.165,-0.258,1.000,0.000,6,111.70,0.083,0.074,7108,0.0
21.200,-0.255,1.000,0.000,6,112.07,0.076,0.084,7138,0.0
21.203,-0.253,1.000,0.000,6,112.44,0.069,0.093,7167,0.0
21.238,-0.250,1.000,0.000,6,112.80,0.060,0.102,7195,0.0
21.242,-0.248,1.000,0.000,6,113.17,0.051,0.111,7222,0.0
21.279,-0.246,1.000,0.000,6,113.54,0.041,0.120,7250,0.0
21.317,-0.243,1.000,0.000,6,113.91,0.030,0.128,7276,0.0
21.321,-0.241,1.000,0.000,6,114.28,0.018,0.137,7302,0.0
21.362,-0.238,0.850,0.000,6,114.65,0.005,0.145,7326,0.0
21.366,-0.236,0.722,0.000,6,115.02,-0.009,0.153,7350,0.0
21.407,-0.233,0.614,0.000,6,115.36,-0.023,0.161,7319,0.0
21.411,-0.113,0.672,0.000,6,115.62,-0.039,0.169,7284,0.0
21.453,0.007,0.721,0.000,6,115.80,-0.056,0.176,7254,0.0
21.457,0.000,0.763,0.000,6,115.99,-0.074,0.182,7273,0.0
21.499,0.000,0.799,0.000,6,116.26,-0.092,0.184,7288,0.0
21.503,0.000,0.829,0.000,6,116.58,-0.110,0.183,7302,0.0
21.547,0.000,0.854,0.000,6,116.93,-0.129,0.179,7320,0.0
21.550,0.060,0.876,0.000,6,117.29,-0.148,0.174,7343,0.0
21.554,0.120,0.895,0.000,6,117.67,-0.167,0.170,7369,0.0
21.598,0.180,0.911,0.000,6,118.06,-0.186,0.163,7398,0.0
21.601,0.213,0.924,0.000,6,118.45,-0.205,0.154,7429,0.0
21.646,0.210,0.935,0.000,6,118.84,-0.222,0.141,7465,0.0
21.649,0.208,0.945,0.000,6,119.22,-0.238,0.126,7505,0.0
21.694,0.205,0.953,0.000,6,119.60,-0.252,0.109,7545,0.0
21.697,0.203,0.960,0.000,6,119.99,-0.265,0.092,7584,0.0
21.742,0.200,0.966,0.000,6,120.38,-0.276,0.074,7621,0.0
21.745,0.197,0.971,0.000,6,120.78,-0.286,0.056,7656,0.0
21.789,0.195,0.976,0.000,6,121.17,-0.294,0.038,7689,0.0
21.792,0.192,0.979,0.000,6,121.58,-0.299,0.021,7722,0.0
21.796,0.190,0.982,0.000,6,121.98,-0.303,0.004,7753,0.0
21.839,0.187,0.985,0.000,6,122.39,-0.306,-0.013,7784,0.0
21.842,0.184,0.987,0.000,6,122.80,-0.306,-0.030,7813,0.0
21.885,0.181,0.989,0.000,6,123.21,-0.304,-0.046,7841,0.0
21.888,0.179,0.991,0.000,6,123.63,-0.301,-0.062,7870,0.0
21.932,0.176,0.992,0.000,6,124.06,-0.295,-0.077,7898,0.0
21.935,0.116,0.993,0.000,6,124.48,-0.287,-0.093,7925,0.0
21.977,0.056,0.994,0.000,6,124.91,-0.278,-0.108,7952,0.0
21.980,-0.004,0.995,0.000,6,125.36,-0.267,-0.122,7977,0.0
22.022,-0.064,0.996,0.000,6,125.83,-0.253,-0.135,7996,0.0
22.025,-0.124,0.997,0.000,6,126.34,-0.239,-0.144,8007,0.0
22.067,-0.158,0.997,0.000,6,126.87,-0.223,-0.148,8016,0.0
22.069,-0.154,0.997,0.000,6,127.39,-0.206,-0.147,8034,0.0
22.110,-0.151,0.998,0.000,6,127.89,-0.189,-0.142,8065,0.0
22.113,-0.150,0.998,0.000,6,128.38,-0.172,-0.135,8105,0.0
22.154,-0.150,0.998,0.000,6,128.87,-0.155,-0.128,8146,0.0
22.157,-0.030,0.999,0.000,6,129.34,-0.138,-0.120,8185,0.0
22.197,0.090,0.999,0.000,6,129.82,-0.122,-0.112,8223,0.0
22.200,-0.030,0.999,0.000,6,130.32,-0.106,-0.107,8252,0.0
22.240,0.090,0.999,0.000,6,130.85,-0.090,-0.107,8268,0.0
22.243,-0.030,0.999,0.000,6,131.38,-0.074,-0.111,8290,0.0
22.283,0.090,0.999,0.000,6,131.90,-0.057,-0.117,8318,0.0
22.286,-0.030,1.000,0.000,6,132.43,-0.040,-0.123,8350,0.0
22.326,0.090,1.000,0.000,6,132.94,-0.023,-0.128,8383,0.0
22.329,-0.030,1.000,0.000,6,133.47,-0.005,-0.134,8417,0.0
22.368,0.090,1.000,0.000,6,133.99,0.014,-0.140,8450,0.0
22.371,-0.030,1.000,0.000,6,134.52,0.033,-0.146,8484,0.0
22.411,0.090,1.000,0.000,6,135.04,0.053,-0.151,8518,0.0
22.414,-0.030,1.000,0.000,6,135.57,0.074,-0.157,8552,0.0
22.453,0.090,1.000,0.000,6,136.10,0.096,-0.162,8586,0.0
22.456,-0.030,1.000,0.000,6,136.63,0.118,-0.168,8620,0.0
22.495,0.090,1.000,0.000,6,137.16,0.142,-0.173,8654,0.0
22.498,-0.030,1.000,0.000,6,137.70,0.166,-0.179,8688,0.0
22.537,0.090,1.000,0.000,6,138.24,0.191,-0.184,8723,0.0
22.540,-0.030,1.000,0.000,6,138.77,0.216,-0.189,8757,0.0
22.578,0.090,1.000,0.000,6,139.31,0.243,-0.194,8791,0.0
22.616,-0.030,1.000,0.000,6,139.86,0.270,-0.200,8826,0.0
22.619,0.090,1.000,0.000,6,140.40,0.299,-0.205,8861,0.0
22.657,-0.030,1.000,0.000,6,140.95,0.328,-0.210,8895,0.0
22.659,0.090,1.000,0.000,6,141.49,0.357,-0.215,8931,0.0
22.697,-0.030,1.000,0.000,6,142.04,0.388,-0.220,8966,0.0
22.700,0.090,1.000,0.000,6,142.59,0.420,-0.225,9001,0.0
22.737,-0.030,1.000,0.000,6,143.15,0.452,-0.231,9036,0.0
22.739,0.090,1.000,0.000,6,143.70,0.485,-0.236,9071,0.0
22.776,-0.030,1.000,0.000,6,144.26,0.520,-0.241,9107,0.0
22.812,0.090,1.000,0.000,6,144.81,0.555,-0.246,9142,0.0
22.814,-0.030,1.000,0.000,6,145.38,0.590,-0.251,9178,0.0
22.850,0.090,1.000,0.000,6,145.94,0.627,-0.256,9214,0.0
22.852,-0.030,1.000,0.000,6,146.50,0.665,-0.261,9250,0.0
22.887,0.090,1.000,0.000,6,147.06,0.703,-0.266,9286,0.0
22.890,0.030,1.000,0.000,6,147.63,0.742,-0.271,9322,0.0
22.924,-0.030,1.000,0.000,6,148.20,0.783,-0.276,9358,0.0
22.958,-0.090,1.000,0.000,6,148.77,0.824,-0.282,9396,0.0
22.960,-0.150,1.000,0.000,6,149.35,0.866,-0.286,9430,0.0
22.993,-0.150,1.000,0.000,6,149.93,0.908,-0.287,9464,0.0
23.026,-0.150,1.000,0.000,6,150.48,0.951,-0.282,9504,0.0
23.028,-0.150,1.000,0.000,6,151.02,0.993,-0.275,9549,0.0
23.060,-0.150,1.000,0.000,6,151.53,1.035,-0.267,9595,0.0
23.092,-0.030,1.000,0.000,6,152.03,1.076,-0.258,9631,0.0
23.094,0.090,1.000,0.000,6,152.50,1.117,-0.249,9692,0.0
23.127,-0.030,1.000,0.000,6,152.97,1.158,-0.243,9760,0.0
23.159,0.090,1.000,0.000,6,153.53,1.198,-0.243,9702,0.0
23.161,-0.030,1.000,0.000,6,153.95,1.239,-0.247,9808,0.0
23.194,0.090,1.000,0.000,6,154.40,1.279,-0.252,9920,0.0
23.196,-0.030,0.850,0.000,6,155.12,1.320,-0.258,9755,0.0
23.229,0.090,0.872,0.000,6,155.51,1.362,-0.264,9815,0.0
23.261,0.030,0.892,0.000,6,155.76,1.404,-0.270,9935,0.0
23.263,-0.030,0.908,0.000,6,156.18,1.446,-0.276,9887,0.0
23.295,-0.090,0.922,0.000,6,156.55,1.490,-0.283,9864,0.0
23.327,-0.150,0.933,0.000,6,156.85,1.534,-0.288,9993,0.0
23.329,-0.150,0.943,0.000,6,157.25,1.579,-0.289,9990,0.0
23.361,-0.150,0.952,0.000,6,157.71,1.624,-0.284,9909,0.0
23.392,-0.150,0.959,0.000,6,157.89,1.668,-0.276,10140,0.0
23.394,-0.150,0.815,0.000,6,158.36,1.713,-0.268,10084,0.0
23.426,-0.150,0.843,0.000,6,158.77,1.756,-0.259,10044,0.0
23.458,-0.150,0.867,0.000,6,158.92,1.800,-0.250,10178,0.0
23.460,-0.150,0.737,0.000,6,159.18,1.842,-0.239,10165,0.0
23.492,-0.150,0.776,0.000,6,159.48,1.884,-0.228,10130,0.0
23.525,-0.150,0.810,0.000,6,159.65,1.925,-0.219,10157,0.0
23.527,-0.150,0.838,0.000,6,159.85,1.965,-0.211,10128,0.0
23.561,-0.150,0.862,0.000,6,160.02,2.004,-0.202,10142,0.0
23.594,-0.150,0.883,0.000,6,160.12,2.042,-0.193,10292,0.0
23.596,-0.150,0.751,0.000,6,160.46,2.079,-0.185,10199,0.0
23.630,-0.150,0.788,0.000,6,160.71,2.115,-0.178,10205,0.0
23.665,-0.150,0.820,0.000,6,160.85,2.149,-0.172,10247,0.0
23.667,-0.150,0.847,0.000,6,161.01,2.183,-0.165,10265,0.0
23.701,-0.150,0.870,0.000,6,161.28,2.216,-0.158,10205,0.0
23.704,-0.150,0.889,0.000,6,161.42,2.247,-0.152,10339,0.0
23.738,-0.150,0.756,0.000,6,161.69,2.278,-0.146,10335,0.0
23.775,-0.150,0.643,0.000,6,161.96,2.307,-0.138,10302,0.0
23.777,-0.150,0.696,0.000,6,162.08,2.335,-0.131,10371,0.0
23.813,-0.150,0.592,0.000,6,162.33,2.363,-0.125,10213,0.0
23.815,-0.150,0.653,0.000,6,162.44,2.389,-0.121,10188,0.0
23.851,-0.150,0.705,0.000,6,162.40,2.414,-0.115,10264,0.0
23.887,-0.150,0.749,0.000,6,162.47,2.438,-0.108,10260,0.0
23.889,-0.150,0.787,0.000,6,162.62,2.461,-0.100,10223,0.0
23.925,-0.150,0.819,0.000,6,162.71,2.482,-0.091,10280,0.0
23.927,-0.150,0.846,0.000,6,162.81,2.502,-0.082,10359,0.0
23.963,-0.150,0.869,0.000,6,163.04,2.520,-0.071,10325,0.0
24.000,-0.150,0.889,0.000,6,163.26,2.537,-0.063,10347,0.0
24.002,-0.150,0.905,0.000,6,163.49,2.553,-0.055,10400,0.0
24.038,-0.150,0.920,0.000,6,163.75,2.567,-0.047,10410,0.0
24.040,-0.150,0.932,0.000,6,163.98,2.579,-0.037,10444,0.0
24.077,-0.150,0.942,0.000,6,164.21,2.590,-0.028,10533,0.0
24.079,-0.150,0.801,0.000,6,164.54,2.600,-0.019,10518,0.0
24.116,-0.150,0.681,0.000,6,164.84,2.608,-0.009,10499,0.0
24.153,-0.150,0.728,0.000,6,165.01,2.614,0.001,10496,0.0
24.155,-0.150,0.769,0.000,6,165.19,2.619,0.011,10422,0.0
24.193,-0.150,0.804,0.000,6,165.37,2.622,0.018,10388,0.0
24.195,-0.150,0.833,0.000,6,165.44,2.624,0.025,10447,0.0
24.233,-0.150,0.858,0.000,6,165.53,2.625,0.034,10562,0.0
24.235,-0.150,0.880,0.000,6,165.77,2.624,0.044,10565,0.0
24.273,-0.150,0.898,0.000,6,166.06,2.621,0.052,10501,0.0
24.275,-0.150,0.913,0.000,6,166.18,2.617,0.061,10608,0.0
24.313,-0.150,0.926,0.000,6,166.40,2.611,0.072,10667,0.0
24.350,-0.150,0.787,0.000,6,166.76,2.605,0.081,10606,0.0
24.352,-0.150,0.819,0.000,6,167.02,2.596,0.089,10615,0.0
24.389,-0.150,0.846,0.000,6,167.19,2.586,0.098,10633,0.0
24.391,-0.150,0.869,0.000,6,167.38,2.574,0.107,10658,0.0
24.428,-0.150,0.889,0.000,6,167.62,2.561,0.115,10637,0.0
24.430,-0.150,0.906,0.000,6,167.79,2.547,0.124,10702,0.0
24.468,-0.150,0.920,0.000,6,168.03,2.531,0.133,10744,0.0
24.506,-0.150,0.782,0.000,6,168.32,2.513,0.141,10721,0.0
24.508,-0.150,0.814,0.000,6,168.53,2.494,0.151,10764,0.0
24.546,-0.150,0.842,0.000,6,168.75,2.474,0.161,10739,0.0
24.548,-0.150,0.866,0.000,6,169.00,2.451,0.168,10689,0.0
24.587,-0.150,0.886,0.000,6,169.20,2.428,0.175,10682,0.0
24.589,-0.150,0.903,0.000,6,169.25,2.403,0.184,10887,0.0
24.627,-0.150,0.768,0.000,6,169.59,2.376,0.193,10843,0.0
24.629,-0.150,0.653,0.000,6,169.88,2.348,0.201,10791,0.0
24.668,-0.150,0.705,0.000,6,169.95,2.319,0.211,10856,0.0
24.670,-0.150,0.749,0.000,6,170.12,2.288,0.222,10749,0.0
24.709,-0.150,0.787,0.000,6,170.31,2.256,0.223,10661,0.0
24.749,-0.150,0.819,0.000,6,170.40,2.224,0.208,10738,0.0
24.751,-0.150,0.846,0.000,6,170.42,2.195,0.191,10947,0.0
24.790,-0.150,0.719,0.000,6,170.59,2.168,0.177,10983,0.0
24.792,-0.150,0.611,0.000,6,170.69,2.143,0.165,11133,0.0
24.833,-0.150,0.519,0.000,6,170.79,2.120,0.158,11149,0.0
24.835,-0.150,0.442,0.000,6,171.00,2.100,0.148,11005,0.0
24.875,-0.150,0.375,0.000,6,171.07,2.081,0.137,10831,0.0
24.877,-0.150,0.469,0.000,6,170.93,2.065,0.128,10808,0.0
24.918,-0.150,0.549,0.000,6,170.76,2.051,0.120,10762,0.0
24.920,-0.150,0.616,0.000,6,170.72,2.039,0.110,10699,0.0
24.961,-0.150,0.674,0.000,6,170.62,2.029,0.096,10740,0.0
24.963,-0.150,0.723,0.000,6,170.49,2.021,0.085,10859,0.0
25.005,-0.150,0.764,0.000,6,170.36,2.015,0.076,11036,0.0
25.007,-0.150,0.650,0.000,6,170.50,2.011,0.068,10993,0.0
25.048,-0.150,0.552,0.000,6,170.62,2.010,0.055,11031,0.0
25.051,-0.150,0.469,0.000,6,170.66,2.010,0.043,11001,0.0
25.092,-0.150,0.399,0.000,6,170.54,2.013,0.034,11068,0.0
25.095,-0.150,0.339,0.000,6,170.53,2.017,0.027,10925,0.0
25.136,-0.150,0.288,0.000,6,170.57,2.024,0.015,10726,0.0
25.139,-0.150,0.395,0.000,6,170.41,2.033,0.001,10653,0.0
25.181,-0.150,0.486,0.000,6,170.14,2.043,-0.012,10642,0.0
25.183,-0.150,0.563,0.000,6,169.88,2.055,-0.022,10705,0.0
25.226,-0.150,0.628,0.000,6,169.79,2.070,-0.033,10689,0.0
25.228,-0.150,0.684,0.000,6,169.72,2.086,-0.047,10745,0.0
25.271,-0.150,0.732,0.000,6,169.68,2.105,-0.061,10810,0.0
25.273,-0.150,0.772,0.000,6,169.63,2.125,-0.073,10938,0.0
25.317,-0.150,0.656,0.000,6,169.67,2.147,-0.083,11000,0.0
25.319,-0.150,0.558,0.000,6,169.79,2.171,-0.093,11017,0.0
25.362,-0.150,0.474,0.000,6,169.86,2.197,-0.104,10994,0.0
25.364,-0.150,0.403,0.000,6,169.93,2.226,-0.115,10911,0.0
25.407,-0.150,0.342,0.000,6,169.98,2.256,-0.127,10778,0.0
25.409,-0.150,0.441,0.000,6,169.87,2.287,-0.139,10696,0.0
25.453,-0.150,0.525,0.000,6,169.66,2.321,-0.148,10658,0.0
25.455,-0.150,0.596,0.000,6,169.51,2.356,-0.158,10687,0.0
25.498,-0.150,0.657,0.000,6,169.47,2.394,-0.170,10648,0.0
25.500,-0.150,0.708,0.000,6,169.38,2.432,-0.184,10754,0.0
25.543,-0.150,0.752,0.000,6,169.29,2.473,-0.194,10900,0.0
25.546,-0.150,0.639,0.000,6,169.35,2.515,-0.204,10970,0.0
25.588,-0.150,0.543,0.000,6,169.46,2.559,-0.213,10946,0.0
25.591,-0.150,0.462,0.000,6,169.52,2.605,-0.222,10918,0.0
25.634,-0.150,0.393,0.000,6,169.48,2.652,-0.230,10912,0.0
25.636,-0.150,0.334,0.000,6,169.58,2.701,-0.240,10704,0.0
25.679,-0.150,0.434,0.000,6,169.50,2.752,-0.252,10625,0.0
25.681,-0.150,0.519,0.000,6,169.32,2.804,-0.264,10609,0.0
25.683,-0.150,0.591,0.000,6,169.14,2.858,-0.275,10680,0.0
25.726,-0.150,0.652,0.000,6,169.10,2.913,-0.285,10660,0.0
25.728,-0.150,0.704,0.000,6,168.97,2.970,-0.295,10762,0.0
25.771,-0.150,0.749,0.000,6,168.91,3.028,-0.301,10872,0.0
25.773,-0.150,0.636,0.000,6,168.97,3.088,-0.307,10878,0.0
25.817,-0.150,0.541,0.000,6,169.12,3.149,-0.315,10813,0.0
25.819,-0.150,0.460,0.000,6,169.10,3.211,-0.323,10882,0.0
25.862,-0.150,0.391,0.000,6,169.11,3.274,-0.331,10830,0.0
25.864,-0.150,0.332,0.000,6,169.20,3.340,-0.341,10675,0.0
25.908,-0.150,0.432,0.000,6,169.09,3.406,-0.352,10604,0.0
25.910,-0.150,0.518,0.000,6,168.89,3.473,-0.361,10624,0.0
25.952,-0.150,0.590,0.000,6,168.75,3.542,-0.369,10650,0.0
25.954,-0.150,0.651,0.000,6,168.72,3.612,-0.378,10620,0.0
25.996,-0.150,0.704,0.000,6,168.55,3.683,-0.385,10765,0.0
25.998,-0.150,0.748,0.000,6,168.51,3.756,-0.389,10831,0.0
26.039,-0.150,0.636,0.000,6,168.58,3.829,-0.393,10824,0.0
26.041,-0.150,0.541,0.000,6,168.69,3.903,-0.399,10777,0.0
26.081,-0.150,0.459,0.000,6,168.64,3.979,-0.404,10871,0.0
26.083,-0.150,0.391,0.000,6,168.66,4.055,-0.410,10802,0.0
26.122,-0.150,0.332,0.000,6,168.75,4.133,-0.418,10639,0.0
26.124,-0.150,0.432,0.000,6,168.61,4.211,-0.427,10597,0.0
26.163,-0.150,0.517,0.000,6,168.43,4.291,-0.434,10612,0.0
26.200,-0.150,0.590,0.000,6,168.31,4.371,-0.441,10617,0.0
26.203,-0.150,0.651,0.000,6,168.24,4.452,-0.448,10580,0.0
26.240,-0.150,0.704,0.000,6,168.09,4.534,-0.455,10740,0.0
26.242,-0.150,0.748,0.000,6,168.08,4.617,-0.458,10788,0.0
26.279,-0.150,0.636,0.000,6,168.26,4.701,-0.465,10730,0.0
26.281,-0.150,0.690,0.000,6,168.32,4.786,-0.473,10778,0.0
26.318,-0.150,0.587,0.000,6,168.29,4.871,-0.479,10891,0.0
26.320,-0.150,0.499,0.000,6,168.34,4.958,-0.484,10956,0.0
26.358,-0.150,0.424,0.000,6,168.52,5.045,-0.489,10742,0.0
26.395,-0.150,0.510,0.000,6,168.44,5.133,-0.493,10753,0.0
26.397,-0.150,0.584,0.000,6,168.31,5.222,-0.495,10708,0.0
26.434,-0.150,0.646,0.000,6,168.34,5.312,-0.500,10627,0.0
26.436,-0.150,0.699,0.000,6,168.30,5.402,-0.506,10636,0.0
26.473,-0.150,0.744,0.000,6,168.22,5.492,-0.511,10766,0.0
26.476,-0.150,0.633,0.000,6,153.13,5.545,-0.488,10919,19.0
26.513,-0.150,0.538,0.000,6,152.21,5.584,-0.445,10749,20.0
26.550,-0.150,0.457,0.000,6,153.90,5.622,-0.394,10486,20.0
26.552,-0.150,0.389,0.000,6,155.31,5.663,-0.350,10367,20.0
26.589,-0.150,0.330,0.000,6,156.08,5.707,-0.316,10201,20.0
26.592,-0.150,0.281,0.000,6,155.37,5.744,-0.284,10012,20.0
26.629,-0.150,0.389,0.000,6,155.49,5.780,-0.257,9800,20.0
26.631,-0.150,0.480,0.000,6,155.43,5.814,-0.238,9616,20.0
26.668,-0.150,0.558,0.000,6,154.10,5.843,-0.221,9618,20.0
26.704,-0.150,0.625,0.000,6,154.16,5.872,-0.205,9744,20.0
26.706,-0.150,0.681,0.000,6,154.17,5.903,-0.193,9838,20.0
26.744,-0.150,0.729,0.000,6,154.28,5.936,-0.184,9833,20.0
26.746,-0.150,0.769,0.000,6,154.20,5.965,-0.176,9946,20.0
26.783,-0.150,0.654,0.000,6,154.30,5.994,-0.169,10002,20.0
26.786,-0.150,0.556,0.000,6,154.32,6.019,-0.160,10212,20.0
26.824,-0.150,0.473,0.000,6,154.75,6.037,-0.144,10175,20.0
26.827,-0.150,0.402,0.000,6,155.17,6.056,-0.131,9911,20.0
26.866,-0.150,0.491,0.000,6,155.34,6.077,-0.123,9743,20.0
26.907,-0.150,0.568,0.000,6,155.27,6.099,-0.118,9742,20.0
26.910,-0.150,0.633,0.000,6,155.19,6.122,-0.114,9787,20.0
26.951,-0.150,0.688,0.000,6,155.10,6.146,-0.112,9894,20.0
26.953,-0.150,0.735,0.000,6,154.99,6.170,-0.110,10047,20.0
26.995,-0.150,0.624,0.000,6,154.97,6.196,-0.106,10138,20.0
26.997,-0.150,0.531,0.000,6,155.00,6.222,-0.102,10194,20.0
27.039,-0.150,0.451,0.000,6,155.02,6.249,-0.101,10193,20.0
27.041,-0.150,0.383,0.000,6,154.94,6.277,-0.099,10170,20.0
27.084,-0.150,0.326,0.000,6,154.65,6.303,-0.096,10057,20.0
27.086,-0.150,0.277,0.000,6,155.05,6.326,-0.094,9945,20.0
27.127,-0.150,0.235,0.000,6,155.09,6.345,-0.088,9720,20.0
27.129,-0.150,0.350,0.000,6,154.95,6.364,-0.087,9623,20.0
27.171,-0.150,0.448,0.000,6,154.70,6.384,-0.087,9611,20.0
27.173,-0.150,0.530,0.000,6,146.53,6.380,-0.069,9656,26.0
27.214,-0.150,0.601,0.000,6,147.09,6.368,-0.033,9605,26.0
27.216,-0.150,0.661,0.000,6,147.58,6.355,0.001,9478,26.0
27.259,-0.150,0.712,0.000,6,147.96,6.342,0.033,9491,26.0
27.261,-0.150,0.755,0.000,6,148.36,6.328,0.062,9409,26.0
27.305,-0.150,0.792,0.000,6,148.53,6.313,0.088,9454,26.0
27.307,-0.150,0.823,0.000,6,148.60,6.296,0.110,9665,26.0
27.351,-0.150,0.699,0.000,6,148.69,6.280,0.131,9893,26.0
27.353,-0.150,0.595,0.000,6,148.94,6.262,0.151,9911,26.0
27.355,-0.150,0.505,0.000,6,149.19,6.243,0.170,9797,26.0
27.400,-0.150,0.430,0.000,6,149.66,6.206,0.197,9710,26.0
27.402,-0.150,0.365,0.000,6,149.99,6.170,0.219,9583,26.0
27.448,-0.150,0.460,0.000,6,150.12,6.135,0.239,9459,26.0
27.450,-0.150,0.541,0.000,6,150.01,6.098,0.257,9467,26.0
27.496,-0.150,0.610,0.000,6,149.92,6.062,0.275,9563,26.0
27.498,-0.150,0.669,0.000,6,149.98,6.024,0.290,9527,26.0
27.544,-0.150,0.718,0.000,6,149.97,5.986,0.304,9539,26.0
27.546,-0.150,0.761,0.000,6,149.89,5.946,0.317,9738,26.0
27.591,-0.150,0.646,0.000,6,149.87,5.905,0.330,9894,26.0
27.593,-0.150,0.550,0.000,6,150.04,5.864,0.344,9821,26.0
27.639,-0.150,0.467,0.000,6,150.00,5.821,0.357,9906,26.0
27.641,-0.150,0.397,0.000,6,149.99,5.777,0.370,9922,26.0
27.643,-0.150,0.337,0.000,6,150.07,5.733,0.380,9725,26.0
27.689,-0.150,0.287,0.000,6,149.99,5.687,0.390,9621,26.0
27.691,-0.150,0.244,0.000,6,149.77,5.640,0.400,9662,26.0
27.738,-0.150,0.207,0.000,6,149.62,5.592,0.410,9538,26.0
27.740,-0.150,0.326,0.000,6,149.45,5.543,0.419,9379,26.0
27.786,-0.150,0.427,0.000,6,149.23,5.493,0.426,9357,26.0
27.788,-0.150,0.513,0.000,6,149.05,5.442,0.431,9391,26.0
27.833,-0.150,0.586,0.000,6,148.89,5.389,0.436,9409,26.0
27.835,-0.150,0.648,0.000,6,148.74,5.336,0.441,9561,26.0
27.882,-0.150,0.551,0.000,6,148.64,5.282,0.448,9732,26.0
27.884,-0.150,0.468,0.000,6,148.78,5.227,0.455,9654,26.0
27.886,-0.150,0.398,0.000,6,148.82,5.170,0.460,9627,26.0
27.932,-0.150,0.338,0.000,6,148.78,5.113,0.466,9686,26.0
27.934,-0.150,0.288,0.000,6,148.82,5.055,0.470,9523,26.0
27.983,-0.150,0.244,0.000,6,148.84,4.995,0.474,9360,26.0
27.984,-0.150,0.358,0.000,6,148.69,4.935,0.476,9415,26.0
28.031,-0.150,0.454,0.000,6,148.59,4.874,0.479,9290,26.0
28.033,-0.150,0.536,0.000,6,148.43,4.812,0.483,9283,26.0
28.080,-0.150,0.606,0.000,6,148.30,4.749,0.487,9433,26.0
28.082,-0.150,0.665,0.000,6,148.31,4.685,0.491,9485,26.0
28.084,-0.150,0.565,0.000,6,148.41,4.620,0.496,9422,26.0
28.130,-0.150,0.630,0.000,6,148.43,4.554,0.500,9591,26.0
28.132,-0.150,0.536,0.000,6,148.46,4.487,0.505,9650,26.0
28.180,-0.150,0.455,0.000,6,148.72,4.420,0.511,9452,26.0
28.182,-0.030,0.537,0.000,6,148.68,4.351,0.517,9575,26.0
28.230,0.090,0.457,0.000,6,148.68,4.282,0.523,9579,26.0
28.231,-0.030,0.388,0.000,6,148.83,4.212,0.529,9431,26.0
28.280,0.090,0.480,0.000,6,148.83,4.141,0.532,9449,26.0
28.282,-0.030,0.558,0.000,6,148.82,4.069,0.533,9481,26.0
28.284,0.090,0.624,0.000,6,148.96,3.998,0.532,9345,26.0
28.332,-0.030,0.681,0.000,6,149.03,3.925,0.530,9394,26.0
28.334,0.090,0.728,0.000,6,149.05,3.852,0.527,9598,26.0
28.383,-0.030,0.619,0.000,6,149.39,3.778,0.525,9440,26.0
28.385,0.090,0.676,0.000,6,149.54,3.704,0.523,9546,26.0
28.434,-0.030,0.725,0.000,6,149.58,3.630,0.520,9720,26.0
28.436,0.090,0.616,0.000,6,149.95,3.556,0.516,9552,26.0
28.438,-0.030,0.674,0.000,6,150.17,3.481,0.513,9581,26.0
28.486,0.090,0.723,0.000,6,150.24,3.407,0.510,9724,26.0
28.488,-0.030,0.614,0.000,6,150.55,3.332,0.507,9602,26.0
28.537,0.090,0.672,0.000,6,150.81,3.257,0.505,9563,26.0
28.539,-0.030,0.721,0.000,6,150.88,3.183,0.502,9706,26.0
28.587,0.090,0.613,0.000,6,151.10,3.108,0.499,9661,26.0
28.589,-0.030,0.521,0.000,6,151.39,3.034,0.495,9581,26.0
28.591,0.090,0.593,0.000,6,151.38,2.960,0.494,9790,26.0
28.640,-0.030,0.504,0.000,6,151.63,2.885,0.491,9610,26.0
28.642,0.090,0.578,0.000,6,151.78,2.811,0.489,9566,26.0
28.690,-0.030,0.642,0.000,6,151.78,2.738,0.486,9671,26.0
28.692,0.090,0.695,0.000,6,151.94,2.664,0.483,9620,26.0
28.741,-0.030,0.741,0.000,6,152.10,2.591,0.480,9576,26.0
28.743,0.090,0.780,0.000,6,152.15,2.518,0.478,9786,26.0
28.745,-0.030,0.663,0.000,6,152.36,2.445,0.477,9826,26.0
28.793,0.090,0.564,0.000,6,152.77,2.372,0.475,9682,26.0
28.795,-0.030,0.629,0.000,6,152.77,2.300,0.474,9910,26.0
28.844,0.090,0.535,0.000,6,153.01,2.228,0.471,9770,26.0
28.846,-0.030,0.604,0.000,6,153.23,2.155,0.469,9677,26.0
28.894,0.090,0.664,0.000,6,153.26,2.083,0.468,9779,26.0
28.896,-0.030,0.714,0.000,6,153.42,2.012,0.466,9764,26.0
28.898,0.090,0.757,0.000,6,153.63,1.940,0.464,9682,26.0
28.946,-0.030,0.794,0.000,6,153.70,1.869,0.461,9879,26.0
28.948,0.030,0.674,0.000,6,153.87,1.798,0.458,9965,26.0
28.996,0.090,0.573,0.000,6,154.31,1.727,0.455,9785,26.0
28.998,0.150,0.637,0.000,6,154.33,1.656,0.454,10004,26.0
29.046,0.150,0.542,0.000,6,154.55,1.586,0.452,9895,26.0
29.047,0.150,0.460,0.000,6,154.78,1.516,0.447,9773,26.0
29.049,0.150,0.541,0.000,6,154.77,1.446,0.440,9885,26.0
29.098,0.150,0.610,0.000,6,154.84,1.377,0.433,9816,26.0
29.100,0.150,0.669,0.000,6,154.90,1.309,0.421,9729,26.0
29.147,0.150,0.718,0.000,6,154.86,1.242,0.410,9881,26.0
29.150,0.150,0.761,0.000,6,155.00,1.175,0.396,9896,26.0
29.197,0.150,0.647,0.000,6,155.25,1.110,0.383,9848,26.0
29.199,0.030,0.700,0.000,6,155.39,1.046,0.370,9939,26.0
29.246,-0.090,0.595,0.000,6,155.47,0.984,0.353,9980,26.0
29.248,0.030,0.505,0.000,6,155.77,0.922,0.338,9892,26.0
29.250,-0.090,0.580,0.000,6,156.04,0.863,0.330,9798,26.0
29.297,0.030,0.643,0.000,6,156.27,0.804,0.328,9728,26.0
29.299,-0.090,0.696,0.000,6,156.49,0.747,0.329,9741,26.0
29.346,0.030,0.742,0.000,6,156.78,0.691,0.333,9765,26.0
29.348,0.090,0.781,0.000,6,157.08,0.636,0.337,9795,26.0
29.394,0.150,0.813,0.000,6,157.43,0.581,0.341,9828,26.0
29.396,0.150,0.841,0.000,6,157.79,0.526,0.340,9864,26.0
29.441,0.150,0.865,0.000,6,158.15,0.472,0.334,9902,26.0
29.443,0.150,0.885,0.000,6,158.52,0.419,0.326,9944,26.0
29.445,0.150,0.903,0.000,6,158.91,0.367,0.315,9986,26.0
29.490,0.150,0.917,0.000,6,159.31,0.316,0.304,10027,26.0
29.492,0.150,0.930,0.000,6,159.71,0.266,0.292,10068,26.0
29.537,0.150,0.940,0.000,6,160.13,0.217,0.281,10106,26.0
29.539,0.150,0.949,0.000,6,160.55,0.170,0.269,10143,26.0
29.583,0.150,0.957,0.000,6,160.98,0.124,0.258,10178,26.0
29.585,0.150,0.963,0.000,6,161.41,0.079,0.247,10212,26.0
29.627,0.150,0.969,0.000,6,161.85,0.036,0.236,10244,26.0
29.630,0.150,0.973,0.000,6,162.29,-0.006,0.225,10276,26.0
29.672,0.150,0.977,0.000,6,162.74,-0.046,0.215,10307,26.0
29.675,0.030,0.981,0.000,6,163.19,-0.085,0.205,10337,26.0
29.717,-0.090,0.984,0.000,6,163.64,-0.122,0.194,10367,26.0
29.719,0.030,0.986,0.000,6,164.12,-0.158,0.186,10391,26.0
29.761,-0.090,0.988,0.000,6,164.66,-0.193,0.184,10398,26.0
29.763,0.030,0.990,0.000,6,165.22,-0.227,0.185,10409,26.0
29.804,-0.090,0.991,0.000,6,165.76,-0.261,0.188,10431,26.0
29.806,0.030,0.993,0.000,6,166.31,-0.295,0.192,10459,26.0
29.847,-0.090,0.994,0.000,6,166.84,-0.328,0.195,10490,26.0
29.849,0.030,0.995,0.000,6,167.37,-0.362,0.198,10523,26.0
29.889,-0.090,0.996,0.000,6,167.89,-0.396,0.201,10556,26.0
29.891,0.030,0.996,0.000,6,168.42,-0.430,0.204,10589,26.0
29.931,-0.090,0.997,0.000,6,168.94,-0.464,0.207,10622,26.0
29.933,0.030,0.997,0.000,6,169.47,-0.500,0.209,10654,26.0
29.974,-0.090,0.998,0.000,6,169.99,-0.535,0.212,10687,26.0
29.976,-0.030,0.998,0.000,6,170.50,-0.571,0.214,10722,26.0
30.015,0.030,0.998,0.000,6,171.02,-0.607,0.216,10755,26.0
30.017,0.090,0.999,0.000,6,171.54,-0.645,0.220,10787,26.0
30.055,0.150,0.999,0.000,6,172.07,-0.682,0.222,10815,26.0
30.094,0.150,0.999,0.000,6,172.59,-0.719,0.219,10844,26.0
30.096,0.150,0.999,0.000,6,173.09,-0.757,0.211,10879,26.0
30.134,0.150,0.999,0.000,6,173.57,-0.793,0.200,10920,26.0
30.136,0.150,0.999,0.000,6,174.04,-0.828,0.187,10963,26.0
30.173,0.150,0.999,0.000,6,174.49,-0.862,0.175,11012,26.0
30.175,0.150,1.000,0.000,6,174.93,-0.895,0.162,11050,26.0
30.212,0.150,1.000,0.000,6,175.37,-0.926,0.149,11084,26.0
30.247,0.150,1.000,0.000,6,175.81,-0.956,0.137,11115,26.0
30.249,0.150,1.000,0.000,6,176.24,-0.984,0.126,11143,26.0
30.284,0.150,1.000,0.000,6,176.68,-1.010,0.115,11170,26.0
30.286,0.150,1.000,0.000,6,177.10,-1.035,0.104,11194,26.0
30.322,0.150,1.000,0.000,6,177.51,-1.057,0.095,11219,26.0
30.324,0.150,1.000,0.000,6,177.86,-1.079,0.086,11280,26.0
30.359,0.150,1.000,0.000,6,178.25,-1.098,0.077,11287,26.0
30.395,0.150,1.000,0.000,6,178.58,-1.117,0.068,11326,26.0
30.397,0.150,1.000,0.000,6,178.90,-1.133,0.058,11407,26.0
30.432,0.150,1.000,0.000,6,179.36,-1.148,0.048,11358,26.0
30.434,0.150,1.000,0.000,6,179.77,-1.161,0.041,11323,26.0
30.471,0.150,1.000,0.000,6,180.04,-1.173,0.032,11417,26.0
30.506,0.150,1.000,0.000,6,180.39,-1.183,0.023,11480,26.0
30.508,0.030,1.000,0.000,6,180.88,-1.192,0.015,11402,26.0
30.544,-0.090,1.000,0.000,6,181.18,-1.199,0.008,11455,26.0
30.546,0.030,1.000,0.000,6,181.47,-1.204,-0.001,11568,26.0
30.581,-0.090,1.000,0.000,6,182.01,-1.208,-0.003,11499,26.0
30.615,0.030,1.000,0.000,6,182.52,-1.212,-0.002,11434,26.0
30.617,-0.090,1.000,0.000,6,182.85,-1.215,0.002,11550,26.0
30.652,0.030,1.000,0.000,6,183.29,-1.217,0.007,11610,26.0
30.654,-0.090,1.000,0.000,6,183.86,-1.220,0.012,11506,26.0
30.687,0.030,1.000,0.000,6,184.21,-1.223,0.015,11580,26.0
30.722,-0.090,1.000,0.000,6,184.53,-1.225,0.019,11709,26.0
30.724,-0.030,1.000,0.000,6,185.08,-1.228,0.023,11642,26.0
30.757,0.030,1.000,0.000,6,185.53,-1.232,0.027,11603,26.0
30.790,0.090,1.000,0.000,6,185.82,-1.236,0.031,11733,26.0
30.792,0.150,1.000,0.000,6,186.25,-1.241,0.035,11780,26.0
30.825,0.150,1.000,0.000,6,186.80,-1.246,0.033,11690,26.0
30.859,0.150,1.000,0.000,6,187.12,-1.251,0.025,11759,26.0
30.860,0.030,1.000,0.000,6,187.47,-1.254,0.013,11851,26.0
30.893,-0.090,1.000,0.000,6,187.93,-1.257,0.001,11815,26.0
30.925,0.030,1.000,0.000,6,188.30,-1.259,-0.009,11815,26.0
30.927,-0.090,1.000,0.000,6,188.60,-1.260,-0.011,11938,26.0
30.959,0.030,1.000,0.000,6,189.11,-1.260,-0.008,11897,26.0
30.961,-0.090,1.000,0.000,6,189.59,-1.261,-0.004,11848,26.0
30.994,0.030,1.000,0.000,6,189.89,-1.261,-0.001,11958,26.0
31.025,0.090,1.000,0.000,6,190.26,-1.261,0.003,12034,26.0
31.057,0.150,1.000,0.000,6,190.80,-1.262,0.007,11944,26.0
31.059,0.030,1.000,0.000,6,191.15,-1.262,0.005,11982,26.0
31.090,-0.090,1.000,0.000,6,191.47,-1.262,-0.003,12084,26.0
31.121,0.030,1.000,0.000,6,191.96,-1.261,-0.012,12036,26.0
31.123,-0.090,1.000,0.000,6,192.35,-1.260,-0.013,12032,26.0
31.154,0.030,1.000,0.000,6,192.65,-1.259,-0.012,12144,26.0
31.184,-0.090,1.000,0.000,6,193.10,-1.258,-0.009,12152,26.0
31.186,0.030,1.000,0.000,6,193.57,-1.257,-0.006,12092,26.0
31.217,-0.090,1.000,0.000,6,193.86,-1.256,-0.003,12187,26.0
31.247,0.030,1.000,0.000,6,194.22,-1.255,0.002,12262,26.0
31.249,-0.090,1.000,0.000,6,194.74,-1.255,0.006,12170,26.0
31.279,0.030,1.000,0.000,6,195.06,-1.255,0.008,12231,26.0
31.308,-0.090,1.000,0.000,6,195.35,-1.256,0.011,12346,26.0
31.338,0.030,1.000,0.000,6,195.86,-1.257,0.015,12280,26.0
31.340,-0.090,1.000,0.000,6,196.24,-1.259,0.017,12268,26.0
31.370,0.030,1.000,0.000,6,196.51,-1.261,0.021,12393,26.0
31.399,-0.090,1.000,0.000,6,196.97,-1.264,0.024,12362,26.0
31.401,0.030,1.000,0.000,6,197.40,-1.268,0.026,12326,26.0
31.430,-0.090,1.000,0.000,6,197.66,-1.272,0.028,12445,26.0
31.459,0.030,1.000,0.000,6,198.04,-1.277,0.033,12477,26.0
31.489,-0.090,1.000,0.000,6,198.48,-1.282,0.035,12403,26.0
31.491,0.030,1.000,0.000,6,198.74,-1.286,0.020,12476,26.0
31.520,-0.090,1.000,0.000,6,199.17,-1.287,0.005,12434,26.0
31.549,0.030,1.000,0.000,6,199.54,-1.286,-0.011,12415,26.0
31.578,-0.090,1.000,0.000,6,199.78,-1.281,-0.026,12488,26.0
31.580,0.030,1.000,0.000,6,199.96,-1.273,-0.040,12654,26.0
31.609,-0.090,1.000,0.000,6,200.26,-1.262,-0.055,12754,26.0
31.637,0.030,1.000,0.000,6,200.73,-1.247,-0.072,12714,26.0
31.666,-0.090,1.000,0.000,6,201.06,-1.229,-0.091,12808,26.0
31.668,0.030,1.000,0.000,6,201.41,-1.208,-0.108,12908,26.0
31.696,-0.090,0.850,0.000,6,202.06,-1.183,-0.125,12720,26.0
31.725,0.030,0.872,0.000,6,202.50,-1.155,-0.142,12644,26.0
31.753,-0.090,0.892,0.000,6,202.68,-1.123,-0.157,12688,26.0
31.755,0.030,0.908,0.000,6,202.93,-1.088,-0.172,12703,26.0
31.783,-0.090,0.922,0.000,6,203.29,-1.050,-0.186,12617,26.0
31.811,0.030,0.933,0.000,6,203.54,-1.009,-0.200,12661,26.0
31.839,-0.030,0.943,0.000,6,203.95,-0.965,-0.218,12638,26.0
31.867,-0.090,0.952,0.000,6,204.25,-0.917,-0.236,12743,26.0
31.870,-0.150,0.959,0.000,6,204.52,-0.866,-0.254,12868,26.0
31.898,-0.150,0.965,0.000,6,204.81,-0.811,-0.267,12977,26.0
31.925,-0.150,0.970,0.000,6,205.35,-0.754,-0.276,12845,26.0
31.953,-0.150,0.975,0.000,6,205.73,-0.694,-0.282,12838,26.0
31.955,-0.150,0.979,0.000,6,206.06,-0.632,-0.289,12861,26.0
31.982,-0.150,0.982,0.000,6,206.38,-0.569,-0.295,12896,26.0
32.009,-0.150,0.985,0.000,6,206.69,-0.503,-0.302,12933,26.0
32.036,-0.150,0.987,0.000,6,207.00,-0.436,-0.308,12970,26.0
32.064,-0.150,0.989,0.000,6,207.31,-0.367,-0.315,13004,26.0
32.066,-0.150,0.991,0.000,6,207.63,-0.296,-0.322,13033,26.0
32.093,-0.150,0.992,0.000,6,207.95,-0.223,-0.329,13056,26.0
32.120,-0.150,0.993,0.000,6,208.28,-0.148,-0.336,13077,26.0
32.147,-0.150,0.994,0.000,6,208.60,-0.072,-0.344,13096,26.0
32.173,-0.150,0.995,0.000,6,208.94,0.006,-0.352,13115,26.0
32.175,-0.150,0.996,0.000,6,209.27,0.085,-0.360,13134,26.0
32.201,-0.150,0.996,0.000,6,209.60,0.167,-0.369,13152,26.0
32.228,-0.150,0.997,0.000,6,209.93,0.250,-0.377,13171,26.0
32.254,-0.150,0.997,0.000,6,210.26,0.334,-0.385,13189,26.0
32.282,-0.150,0.998,0.000,6,210.59,0.421,-0.393,13209,26.0
32.284,-0.150,0.998,0.000,6,210.92,0.509,-0.401,13230,26.0
32.311,-0.150,0.998,0.000,6,211.25,0.598,-0.408,13250,26.0
32.337,-0.150,0.999,0.000,6,211.58,0.689,-0.416,13269,26.0
32.363,-0.150,0.999,0.000,6,211.91,0.782,-0.423,13289,26.0
32.390,-0.150,0.999,0.000,6,212.24,0.877,-0.431,13313,26.0
32.392,-0.150,0.999,0.000,6,212.56,0.972,-0.438,13332,26.0
32.419,-0.150,0.999,0.000,6,212.87,1.070,-0.447,13346,26.0
32.446,-0.150,0.999,0.000,6,213.17,1.169,-0.456,13372,26.0
32.472,-0.150,0.999,0.000,6,213.35,1.271,-0.468,13466,26.0
32.500,-0.150,1.000,0.000,6,213.63,1.374,-0.480,13465,26.0
32.502,-0.150,1.000,0.000,6,213.63,1.480,-0.492,13686,26.0
32.528,-0.150,0.850,0.000,6,213.85,1.588,-0.502,13706,26.0
32.555,-0.150,0.722,0.000,6,213.96,1.698,-0.510,13788,26.0
32.582,-0.150,0.614,0.000,6,214.04,1.810,-0.516,13764,26.0
32.607,-0.150,0.522,0.000,6,214.15,1.924,-0.522,13578,26.0
32.634,-0.150,0.594,0.000,6,213.97,2.041,-0.526,13555,26.0
32.636,-0.150,0.655,0.000,6,213.84,2.158,-0.534,13429,26.0
32.663,-0.150,0.706,0.000,6,213.65,2.277,-0.541,13389,26.0
32.689,-0.150,0.750,0.000,6,213.38,2.398,-0.549,13534,26.0
32.714,-0.150,0.788,0.000,6,213.28,2.521,-0.556,13505,26.0
32.741,-0.150,0.820,0.000,6,213.06,2.644,-0.561,13638,26.0
32.767,-0.150,0.697,0.000,6,213.12,2.770,-0.569,13577,26.0
32.769,-0.150,0.742,0.000,6,213.09,2.896,-0.577,13583,26.0
32.795,-0.150,0.781,0.000,6,212.93,3.024,-0.586,13703,26.0
32.821,-0.150,0.664,0.000,6,213.00,3.154,-0.594,13517,26.0
32.847,-0.150,0.714,0.000,6,212.78,3.285,-0.601,13714,26.0
32.872,-0.150,0.607,0.000,6,212.91,3.417,-0.608,13457,26.0
32.898,-0.150,0.666,0.000,6,212.78,3.550,-0.617,13492,26.0
32.900,-0.150,0.716,0.000,6,212.66,3.685,-0.627,13489,26.0
32.927,-0.150,0.759,0.000,6,212.57,3.821,-0.636,13436,26.0
32.953,-0.150,0.795,0.000,6,212.45,3.957,-0.644,13515,26.0
32.981,-0.150,0.826,0.000,6,212.38,4.096,-0.651,13528,26.0
33.008,-0.150,0.852,0.000,6,212.42,4.222,-0.658,13517,26.0
33.009,-0.150,0.874,0.000,6,212.30,4.350,-0.663,13613,26.0
33.037,-0.150,0.743,0.000,6,212.36,4.478,-0.669,13634,26.0
33.065,-0.150,0.631,0.000,6,212.44,4.607,-0.674,13586,26.0
33.067,-0.150,0.537,0.000,6,212.45,4.737,-0.680,13529,26.0
33.094,-0.150,0.606,0.000,6,212.34,4.869,-0.686,13534,26.0
33.121,-0.150,0.515,0.000,6,212.31,5.000,-0.692,13303,26.0
33.123,-0.150,0.588,0.000,6,212.06,5.133,-0.698,13437,26.0
33.151,-0.150,0.650,0.000,6,211.92,5.266,-0.700,13285,26.0
33.178,-0.150,0.702,0.000,6,211.73,5.399,-0.696,13345,26.0
33.205,-0.150,0.747,0.000,6,211.58,5.530,-0.690,13293,26.0
33.207,-0.150,0.785,0.000,6,211.38,5.661,-0.684,13468,26.0
33.234,-0.150,0.817,0.000,6,211.38,5.791,-0.677,13370,26.0
33.261,-0.150,0.845,0.000,6,211.30,5.920,-0.671,13443,26.0
33.263,-0.150,0.868,0.000,6,211.25,6.048,-0.665,13519,26.0
33.289,-0.150,0.738,0.000,6,211.37,6.175,-0.660,13425,26.0
33.317,-0.150,0.777,0.000,6,211.24,6.301,-0.655,13662,26.0
33.344,-0.150,0.661,0.000,6,104.05,6.276,-0.547,13276,605.0
33.346,-0.210,0.561,0.000,6,113.91,6.267,-0.431,12671,605.0
33.374,-0.241,0.477,0.000,6,121.16,6.258,-0.317,12572,605.0
33.404,-0.192,0.256,0.000,6,126.18,6.250,-0.207,12732,605.0
33.406,-0.159,0.067,0.000,6,129.75,6.242,-0.096,12637,605.0
33.437,-0.150,0.000,0.000,6,131.90,6.234,0.015,12328,605.0
33.467,-0.150,0.000,0.000,6,132.44,6.227,0.125,11968,605.0
33.468,-0.150,0.000,0.000,6,131.43,6.219,0.231,11554,605.0
33.500,-0.150,0.000,0.000,6,129.30,6.210,0.330,11130,605.0
33.531,-0.150,0.000,0.000,6,138.18,6.180,0.433,10494,611.0
33.533,-0.150,0.000,0.000,6,140.49,6.112,0.548,9812,616.0
33.567,-0.150,0.000,0.000,6,139.91,6.044,0.656,9589,616.0
33.569,-0.150,0.000,0.000,6,138.31,5.977,0.755,9213,616.0
33.603,-0.150,0.000,0.000,6,135.45,5.908,0.846,8960,616.0
33.605,-0.150,0.000,0.000,6,131.58,5.838,0.933,8831,616.0
33.641,-0.150,0.000,0.000,6,126.85,5.768,1.019,8700,616.0
33.676,-0.154,0.000,0.000,6,121.50,5.697,1.104,8478,616.0
33.678,-0.190,0.000,0.000,6,115.55,5.626,1.187,8316,616.0
33.710,-0.230,0.000,0.000,6,108.81,5.554,1.269,8238,616.0
33.712,-0.275,0.000,0.000,6,101.61,5.483,1.352,8008,616.0
33.741,-0.323,0.000,0.000,6,94.22,5.410,1.430,7747,616.0
33.771,-0.203,0.000,0.000,6,86.50,5.337,1.507,7594,616.0
33.773,-0.083,0.000,0.000,6,78.57,5.264,1.582,7376,616.0
33.804,0.037,0.000,0.000,6,70.41,5.191,1.656,7122,616.0
33.806,-0.083,0.000,0.000,6,61.93,5.118,1.730,6946,616.0
33.837,0.037,0.000,0.000,6,53.28,5.044,1.804,6647,616.0
33.867,-0.083,0.000,0.000,6,44.52,4.970,1.877,6334,616.0
33.869,0.037,0.000,0.000,6,35.99,4.895,1.949,5924,616.0
33.897,-0.083,0.000,0.000,6,27.65,4.820,2.019,5485,616.0
33.924,0.037,0.000,0.000,6,19.55,4.744,2.087,5236,616.0
33.925,-0.083,0.000,0.000,6,11.85,4.668,2.151,5236,616.0
33.955,0.037,0.000,0.000,6,4.73,4.591,2.213,5236,616.0
33.986,-0.083,0.000,0.000,6,-2.91,4.514,2.275,5236,616.0
33.988,0.037,0.000,0.000,6,-10.22,4.436,2.335,5236,616.0
34.019,-0.083,0.000,0.000,6,-17.28,4.358,2.393,5236,616.0
34.050,0.037,0.000,0.000,6,-24.46,4.279,2.453,5236,616.0
34.052,-0.083,0.000,0.000,6,-32.15,4.201,2.514,5236,616.0
34.085,0.037,0.000,0.000,6,-39.27,4.122,2.574,5236,616.0
34.087,-0.083,0.000,0.000,6,-46.02,4.044,2.632,5236,616.0
34.123,0.037,0.000,0.000,6,-52.65,3.965,2.691,5236,616.0
34.124,-0.083,0.000,0.000,6,-58.76,3.886,2.748,5236,616.0
34.161,0.037,0.000,0.000,6,-64.16,3.808,2.801,5236,616.0
34.198,-0.083,0.000,0.000,6,-69.22,3.730,2.854,5236,616.0
34.200,0.037,0.000,0.000,6,-73.81,3.652,2.904,5236,616.0
34.242,-0.083,0.000,0.000,6,-78.21,3.574,2.952,5236,616.0
34.244,0.037,0.000,0.000,6,-82.14,3.497,3.002,5236,616.0
34.246,-0.083,0.000,0.000,6,-85.64,3.420,3.048,5236,616.0
34.291,0.037,0.000,0.000,6,-88.83,3.344,3.090,5236,616.0
34.293,-0.083,0.000,0.000,6,-91.77,3.268,3.131,5236,616.0
34.339,0.037,0.000,0.000,6,-94.26,3.193,-3.110,5236,616.0
34.341,-0.083,0.000,0.000,6,-96.49,3.119,-3.072,5236,616.0
34.389,0.037,0.000,0.000,6,-98.66,3.044,-3.037,5236,616.0
34.391,-0.083,0.000,0.000,6,-100.49,2.971,-3.002,5236,616.0
34.393,0.037,0.000,0.000,6,-102.05,2.897,-2.967,5236,616.0
34.443,-0.083,0.000,0.000,6,-103.33,2.825,-2.934,5236,616.0
34.445,0.037,0.000,0.000,6,-104.67,2.753,-2.905,5236,616.0
34.446,-0.083,0.000,0.000,6,-105.82,2.681,-2.876,5236,616.0
34.495,0.037,0.000,0.000,6,-106.10,2.610,-2.849,5236,616.0
34.497,-0.083,0.000,0.000,6,-106.47,2.539,-2.824,5236,616.0
34.546,0.037,0.000,0.000,6,-107.21,2.469,-2.801,5236,616.0
34.548,-0.083,0.000,0.000,6,-107.72,2.400,-2.778,5236,616.0
34.550,0.037,0.000,0.000,6,-107.66,2.331,-2.756,5236,616.0
34.604,-0.083,0.000,0.000,6,-107.44,2.263,-2.737,5236,616.0
34.605,0.037,0.000,0.000,6,-107.67,2.196,-2.719,5236,616.0
34.607,-0.083,0.000,0.000,6,-107.88,2.129,-2.702,5236,616.0
34.662,0.037,0.000,0.000,6,-107.47,2.062,-2.686,5236,616.0
34.663,-0.083,0.000,0.000,6,-106.92,1.997,-2.673,5236,616.0
34.665,0.037,0.000,0.000,6,-106.76,1.932,-2.663,5236,616.0
34.719,-0.083,0.000,0.000,6,-106.83,1.868,-2.653,5236,616.0
34.721,0.037,0.000,0.000,6,-106.63,1.804,-2.643,5236,616.0
34.771,-0.083,0.000,0.000,6,-106.09,1.741,-2.634,5236,616.0
34.773,0.037,0.000,0.000,6,-105.73,1.680,-2.627,5236,616.0
34.775,-0.083,0.000,0.000,6,-105.65,1.618,-2.621,5236,616.0
34.824,0.037,0.000,0.000,6,-105.64,1.557,-2.614,5236,616.0
34.826,-0.083,0.000,0.000,6,-105.37,1.497,-2.608,5236,616.0
34.828,0.037,0.000,0.000,6,-105.15,1.437,-2.604,5236,616.0
34.877,-0.083,0.000,0.000,6,-105.07,1.378,-2.598,5236,616.0
34.878,0.037,0.000,0.000,6,-105.03,1.320,-2.594,5236,616.0
34.925,-0.083,0.000,0.000,6,-104.98,1.262,-2.592,5236,616.0
34.927,0.037,0.000,0.000,6,-104.86,1.205,-2.590,5236,616.0
34.929,-0.083,0.000,0.000,6,-104.78,1.148,-2.590,5236,616.0
34.973,0.037,0.000,0.000,6,-104.66,1.093,-2.595,5236,616.0
34.974,-0.083,0.000,0.000,6,-104.61,1.038,-2.598,5236,616.0
35.017,0.037,0.000,0.000,6,-104.55,0.983,-2.601,5236,616.0
35.019,-0.083,0.000,0.000,6,-104.49,0.929,-2.603,5236,616.0
35.062,0.037,0.000,0.000,6,-104.44,0.876,-2.605,5236,616.0
35.063,-0.083,0.000,0.000,6,-104.39,0.823,-2.606,5236,616.0
35.065,0.037,0.000,0.000,6,-104.33,0.771,-2.609,5236,616.0
35.107,-0.083,0.000,0.000,6,-104.28,0.719,-2.612,5236,616.0
35.108,0.037,0.000,0.000,6,-104.22,0.668,-2.615,5236,616.0
35.150,-0.083,0.000,0.000,6,-104.17,0.618,-2.617,5236,616.0
35.152,0.037,0.000,0.000,6,-104.11,0.567,-2.620,5236,616.0
35.193,-0.083,0.000,0.000,6,-104.06,0.518,-2.621,5236,616.0
35.195,0.037,0.000,0.000,6,-104.01,0.468,-2.624,5236,616.0
35.236,-0.083,0.000,0.000,6,-103.95,0.419,-2.625,5236,616.0
35.238,0.037,0.000,0.000,6,-103.90,0.370,-2.627,5236,616.0
35.280,-0.083,0.000,0.000,6,-103.85,0.322,-2.629,5236,616.0
35.281,0.037,0.000,0.000,6,-103.80,0.273,-2.631,5236,616.0
35.323,-0.083,0.000,0.000,6,-103.75,0.225,-2.633,5236,616.0
35.325,0.037,0.000,0.000,6,-103.70,0.177,-2.635,5236,616.0
35.327,-0.083,0.000,0.000,6,-103.64,0.130,-2.637,5236,616.0
35.369,0.037,0.000,0.000,6,-103.59,0.082,-2.639,5236,616.0
35.371,-0.083,0.000,0.000,6,-103.54,0.035,-2.640,5236,616.0
35.412,0.037,0.000,0.000,6,-103.49,-0.012,-2.642,5236,616.0
35.414,-0.083,0.000,0.000,6,-103.44,-0.059,-2.644,5236,616.0
35.456,0.037,0.000,0.000,6,-103.39,-0.106,-2.646,5236,616.0
35.458,-0.083,0.000,0.000,6,-103.33,-0.152,-2.648,5236,616.0
35.500,0.037,0.000,0.000,6,-103.28,-0.199,-2.649,5236,616.0
35.502,-0.083,0.000,0.000,6,-103.23,-0.245,-2.651,5236,616.0
35.544,0.037,0.000,0.000,6,-103.18,-0.291,-2.653,5236,616.0
35.545,-0.083,0.000,0.000,6,-103.13,-0.336,-2.655,5236,616.0
35.547,0.037,0.000,0.000,6,-103.08,-0.382,-2.657,5236,616.0
35.589,-0.083,0.000,0.000,6,-103.03,-0.427,-2.658,5236,616.0
35.591,0.037,0.000,0.000,6,-102.98,-0.473,-2.660,5236,616.0
35.632,-0.083,0.000,0.000,6,-102.93,-0.518,-2.662,5236,616.0
35.634,0.037,0.000,0.000,6,-102.88,-0.563,-2.664,5236,616.0
35.675,-0.083,0.000,0.000,6,-102.82,-0.607,-2.665,5236,616.0
35.677,0.037,0.000,0.000,6,-102.77,-0.652,-2.667,5236,616.0
35.719,-0.083,0.000,0.000,6,-102.72,-0.696,-2.669,5236,616.0
35.721,0.037,0.000,0.000,6,-102.67,-0.741,-2.671,5236,616.0
35.763,-0.083,0.000,0.000,6,-102.62,-0.785,-2.672,5236,616.0
35.765,0.037,0.000,0.000,6,-102.57,-0.828,-2.674,5236,616.0
35.767,-0.083,0.000,0.000,6,-102.52,-0.872,-2.676,5236,616.0
35.809,0.037,0.000,0.000,6,-102.47,-0.916,-2.678,5236,616.0
35.811,-0.083,0.000,0.000,6,-102.42,-0.959,-2.679,5236,616.0
35.853,0.037,0.000,0.000,6,-102.35,-1.002,-2.681,5236,616.0
35.854,-0.083,0.000,0.000,6,-102.28,-1.045,-2.683,5236,616.0
35.896,0.037,0.000,0.000,6,-102.22,-1.088,-2.685,5236,616.0
35.898,-0.083,0.000,0.000,6,-102.16,-1.131,-2.686,5236,616.0
35.940,0.037,0.000,0.000,6,-102.10,-1.173,-2.688,5236,616.0
35.942,-0.083,0.000,0.000,6,-101.99,-1.215,-2.689,5236,616.0
35.984,0.037,0.000,0.000,6,-101.88,-1.258,-2.691,5236,616.0
35.986,-0.083,0.000,0.000,6,-101.81,-1.299,-2.692,5236,616.0
35.987,0.037,0.000,0.000,6,-101.75,-1.341,-2.694,5236,616.0
36.030,-0.083,0.000,0.000,6,-101.67,-1.383,-2.695,5236,616.0
36.031,0.037,0.000,0.000,6,-101.54,-1.425,-2.696,5236,616.0
36.073,-0.083,0.000,0.000,6,-101.41,-1.466,-2.698,5236,616.0
36.075,0.037,0.000,0.000,6,-101.33,-1.507,-2.701,5236,616.0
36.117,-0.083,0.000,0.000,6,-101.26,-1.548,-2.703,5236,616.0
36.119,0.037,0.000,0.000,6,-101.16,-1.589,-2.704,5236,616.0
36.161,-0.083,0.000,0.000,6,-101.02,-1.630,-2.706,5236,616.0
36.163,0.037,0.000,0.000,6,-100.89,-1.671,-2.708,5236,616.0
36.165,-0.083,0.000,0.000,6,-88.51,-1.699,-2.710,5236,717.0
36.208,0.037,0.000,0.000,6,-84.61,-1.699,-2.713,5236,727.0
36.209,-0.083,0.000,0.000,6,-84.85,-1.702,-2.717,5236,731.0
36.252,0.037,0.000,0.000,6,-85.29,-1.706,-2.723,5236,731.0
36.254,-0.083,0.000,0.000,6,-84.86,-1.709,-2.728,5236,740.0
36.297,0.037,0.000,0.000,6,-84.67,-1.712,-2.733,5236,750.0
36.299,-0.083,0.000,0.000,6,-84.79,-1.716,-2.740,5236,757.0
36.342,0.037,0.000,0.000,6,-85.07,-1.720,-2.750,5236,758.0
36.344,-0.083,0.000,0.000,6,-85.39,-1.726,-2.763,5236,758.0
36.346,0.037,0.000,0.000,6,-85.15,-1.731,-2.773,5236,766.0
36.390,-0.083,0.000,0.000,6,-84.76,-1.735,-2.782,5236,776.0
36.392,0.037,0.000,0.000,6,-84.35,-1.739,-2.790,5236,786.0
36.436,-0.083,0.000,0.000,6,-83.93,-1.743,-2.796,5236,796.0
36.438,0.037,0.000,0.000,6,-83.66,-1.746,-2.802,5236,801.0
36.482,-0.083,0.000,0.000,6,-83.54,-1.750,-2.808,5236,801.0
36.484,0.037,0.000,0.000,6,-83.63,-1.754,-2.816,5236,801.0
36.486,-0.083,0.000,0.000,6,-83.66,-1.758,-2.825,5236,806.0
36.531,0.037,0.000,0.000,6,-83.64,-1.763,-2.834,5236,813.0
36.533,-0.083,0.000,0.000,6,-83.01,-1.767,-2.842,5236,815.0
36.579,0.037,0.000,0.000,6,-82.61,-1.770,-2.847,5236,815.0
36.581,-0.083,0.000,0.000,6,-82.44,-1.774,-2.854,5236,815.0
36.626,0.037,0.000,0.000,6,-82.47,-1.778,-2.862,5236,815.0
36.628,-0.083,0.000,0.000,6,-82.47,-1.783,-2.872,5236,815.0
36.629,0.037,0.000,0.000,6,-82.32,-1.788,-2.882,5236,815.0
36.676,-0.083,0.000,0.000,6,-82.07,-1.793,-2.891,5236,815.0
36.677,0.037,0.000,0.000,6,-81.69,-1.797,-2.897,5236,815.0
36.724,-0.083,0.000,0.000,6,-81.33,-1.800,-2.903,5236,815.0
36.725,0.037,0.000,0.000,6,-81.01,-1.803,-2.908,5236,815.0
36.727,-0.083,0.000,0.000,6,-80.80,-1.807,-2.913,5236,815.0
36.773,0.037,0.000,0.000,6,-80.65,-1.810,-2.917,5236,815.0
36.775,-0.083,0.000,0.000,6,-80.60,-1.813,-2.923,5236,815.0
36.822,0.037,0.000,0.000,6,-80.51,-1.817,-2.929,5236,815.0
36.824,-0.083,0.000,0.000,6,-80.37,-1.821,-2.936,5236,815.0
36.825,0.037,0.000,0.000,6,-79.96,-1.824,-2.941,5236,815.0
36.872,-0.083,0.000,0.000,6,-79.64,-1.827,-2.945,5236,815.0
36.874,0.037,0.000,0.000,6,-79.44,-1.830,-2.950,5236,815.0
36.921,-0.083,0.000,0.000,6,-79.35,-1.834,-2.955,5236,815.0
36.922,0.037,0.000,0.000,6,-79.26,-1.837,-2.961,5236,815.0
36.969,-0.083,0.000,0.000,6,-79.11,-1.841,-2.967,5236,815.0
36.971,0.037,0.000,0.000,6,-78.95,-1.845,-2.973,5236,815.0
36.973,-0.083,0.000,0.000,6,-78.68,-1.848,-2.978,5236,815.0
37.019,0.037,0.000,0.000,6,-78.40,-1.851,-2.982,5236,815.0
37.021,-0.083,0.000,0.000,6,-78.13,-1.853,-2.985,5236,815.0
37.068,0.037,0.000,0.000,6,-77.90,-1.856,-2.987,5236,815.0
37.070,-0.083,0.000,0.000,6,-77.73,-1.858,-2.990,5236,815.0
37.072,0.037,0.000,0.000,6,-77.59,-1.860,-2.992,5236,815.0
37.119,-0.083,0.000,0.000,6,-77.51,-1.863,-2.994,5236,815.0
37.121,0.037,0.000,0.000,6,-77.39,-1.865,-2.998,5236,815.0
37.168,-0.083,0.000,0.000,6,-77.24,-1.868,-3.002,5236,815.0
37.170,0.037,0.000,0.000,6,-76.95,-1.871,-3.005,5236,815.0
37.172,-0.083,0.000,0.000,6,-76.69,-1.873,-3.007,5236,815.0
37.221,0.037,0.000,0.000,6,-76.50,-1.875,-3.009,5236,815.0
37.222,-0.083,0.000,0.000,6,-76.37,-1.878,-3.011,5236,815.0
37.271,0.037,0.000,0.000,6,-76.28,-1.880,-3.014,5236,815.0
37.273,-0.083,0.000,0.000,6,-76.15,-1.883,-3.017,5236,815.0
37.275,0.037,0.000,0.000,6,-76.00,-1.885,-3.019,5236,815.0
37.324,-0.083,0.000,0.000,6,-75.82,-1.887,-3.022,5236,815.0
37.326,0.037,0.000,0.000,6,-75.61,-1.890,-3.024,5236,815.0
37.328,-0.083,0.000,0.000,6,-75.39,-1.892,-3.026,5236,815.0
37.377,0.037,0.000,0.000,6,-75.18,-1.893,-3.027,5236,815.0
37.379,-0.083,0.000,0.000,6,-75.01,-1.895,-3.028,5236,815.0
37.429,0.037,0.000,0.000,6,-74.87,-1.897,-3.028,5236,815.0
37.431,-0.083,0.000,0.000,6,-74.76,-1.898,-3.029,5236,815.0
37.432,0.037,0.000,0.000,6,-74.67,-1.900,-3.030,5236,815.0
37.483,-0.083,0.000,0.000,6,-74.56,-1.902,-3.032,5236,815.0
37.485,0.037,0.000,0.000,6,-74.40,-1.905,-3.035,5236,815.0
37.487,-0.083,0.000,0.000,6,-74.15,-1.907,-3.036,5236,815.0
37.538,0.037,0.000,0.000,6,-73.94,-1.908,-3.037,5236,815.0
37.540,-0.083,0.000,0.000,6,-73.78,-1.910,-3.037,5236,815.0
37.591,0.037,0.000,0.000,6,-73.67,-1.911,-3.038,5236,815.0
37.593,-0.083,0.000,0.000,6,-73.58,-1.913,-3.040,5236,815.0
37.595,0.037,0.000,0.000,6,-73.46,-1.915,-3.041,5236,815.0
37.647,-0.083,0.000,0.000,6,-73.33,-1.917,-3.042,5236,815.0
37.649,0.037,0.000,0.000,6,-73.17,-1.919,-3.043,5236,815.0
37.651,-0.083,0.000,0.000,6,-73.00,-1.921,-3.045,5236,815.0
37.704,0.037,0.000,0.000,6,-72.80,-1.923,-3.046,5236,815.0
37.705,-0.083,0.000,0.000,6,-72.62,-1.924,-3.047,5236,815.0
37.707,0.037,0.000,0.000,6,-72.46,-1.926,-3.047,5236,815.0
37.761,-0.083,0.000,0.000,6,-72.33,-1.927,-3.047,5236,815.0
37.762,0.037,0.000,0.000,6,-72.23,-1.928,-3.046,5236,815.0
37.816,-0.083,0.000,0.000,6,-72.14,-1.930,-3.047,5236,815.0
37.818,0.037,0.000,0.000,6,-71.59,-1.928,-3.048,5236,815.0
37.820,-0.083,0.000,0.000,6,-71.46,-1.926,-3.051,5236,815.0
37.874,0.037,0.000,0.000,6,-71.23,-1.924,-3.054,5236,815.0
37.876,-0.083,0.000,0.000,6,-70.92,-1.922,-3.055,5236,815.0
37.878,0.037,0.000,0.000,6,-70.69,-1.920,-3.056,5236,815.0
37.932,-0.083,0.000,0.000,6,-70.52,-1.917,-3.056,5236,815.0
37.934,0.037,0.000,0.000,6,-70.40,-1.915,-3.059,5236,815.0
37.936,-0.083,0.000,0.000,6,-70.29,-1.914,-3.062,5236,815.0
37.992,0.037,0.000,0.000,6,-70.15,-1.912,-3.065,5236,815.0
37.993,-0.083,0.000,0.000,6,-70.00,-1.910,-3.069,5236,815.0
37.996,0.037,0.000,0.000,6,-69.81,-1.909,-3.072,5236,815.0
38.051,-0.083,0.000,0.000,6,-69.62,-1.907,-3.076,5236,815.0
38.078,0.037,0.000,0.000,6,-69.37,-1.905,-3.079,5236,815.0
38.078,-0.083,0.000,0.000,6,-69.16,-1.903,-3.081,5236,815.0
38.127,0.037,0.000,0.000,6,-69.01,-1.901,-3.084,5236,815.0
38.129,-0.083,0.000,0.000,6,-68.85,-1.899,-3.086,5236,815.0
38.131,0.037,0.000,0.000,6,-68.74,-1.897,-3.088,5236,815.0
38.133,-0.083,0.000,0.000,6,-68.65,-1.895,-3.090,5236,815.0
38.189,0.037,0.000,0.000,6,-68.59,-1.893,-3.094,5236,815.0
38.191,-0.083,0.000,0.000,6,-68.50,-1.892,-3.098,5236,815.0
38.193,0.037,0.000,0.000,6,-68.36,-1.891,-3.101,5236,815.0
38.249,-0.083,0.000,0.000,6,-68.16,-1.889,-3.104,5236,815.0
38.251,0.037,0.000,0.000,6,-67.98,-1.887,-3.105,5236,815.0
38.254,-0.083,0.000,0.000,6,-67.83,-1.884,-3.107,5236,815.0
38.310,0.037,0.000,0.000,6,-67.72,-1.882,-3.108,5236,815.0
38.312,-0.083,0.000,0.000,6,-67.63,-1.880,-3.110,5236,815.0
38.314,0.037,0.000,0.000,6,-67.54,-1.878,-3.111,5236,815.0
38.371,-0.083,0.000,0.000,6,-67.44,-1.876,-3.114,5236,815.0
38.373,0.037,0.000,0.000,6,-67.32,-1.874,-3.116,5236,815.0
38.375,-0.083,0.000,0.000,6,-67.17,-1.872,-3.119,5236,815.0
38.432,0.037,0.000,0.000,6,-67.03,-1.870,-3.122,5236,815.0
38.434,-0.083,0.000,0.000,6,-66.86,-1.869,-3.124,5236,815.0
38.436,0.037,0.000,0.000,6,-66.73,-1.866,-3.126,5236,815.0
38.494,-0.083,0.000,0.000,6,-66.57,-1.864,-3.127,5236,815.0
38.496,0.037,0.000,0.000,6,-66.50,-1.862,-3.128,5236,815.0
38.497,-0.083,0.000,0.000,6,-66.39,-1.859,-3.129,5236,815.0
38.555,0.037,0.000,0.000,6,-66.29,-1.857,-3.131,5236,815.0
38.557,-0.083,0.000,0.000,6,-66.22,-1.855,-3.133,5236,815.0
38.559,0.037,0.000,0.000,6,-66.13,-1.853,-3.136,5236,815.0
38.618,-0.083,0.000,0.000,6,-66.04,-1.852,-3.139,5236,815.0
38.620,0.037,0.000,0.000,6,-65.93,-1.850,-3.141,5236,815.0
38.622,-0.083,0.000,0.000,6,-65.80,-1.849,3.140,5236,815.0
38.683,0.037,0.000,0.000,6,-65.69,-1.846,3.138,5236,815.0
38.685,-0.083,0.000,0.000,6,-65.60,-1.844,3.136,5236,815.0
38.687,0.037,0.000,0.000,6,-65.53,-1.842,3.135,5236,815.0
38.689,-0.083,0.000,0.000,6,-65.46,-1.840,3.133,5236,815.0
38.748,0.037,0.000,0.000,6,-65.39,-1.838,3.131,5236,815.0
38.750,-0.083,0.000,0.000,6,-65.31,-1.836,3.129,5236,815.0
38.752,0.037,0.000,0.000,6,-65.22,-1.835,3.126,5236,815.0
38.812,-0.083,0.000,0.000,6,-65.11,-1.833,3.124,5236,815.0
38.814,0.037,0.000,0.000,6,-64.99,-1.831,3.122,5236,815.0
38.816,-0.083,0.000,0.000,6,-64.89,-1.829,3.120,5236,815.0
38.876,0.037,0.000,0.000,6,-64.79,-1.827,3.118,5236,815.0
38.878,-0.083,0.000,0.000,6,-64.71,-1.825,3.116,5236,815.0
38.879,0.037,0.000,0.000,6,-64.64,-1.823,3.114,5236,815.0
38.940,-0.083,0.000,0.000,6,-64.57,-1.821,3.111,5236,815.0
38.942,0.037,0.000,0.000,6,-64.51,-1.820,3.109,5236,815.0
38.943,-0.083,0.000,0.000,6,-64.44,-1.818,3.107,5236,815.0
39.004,0.037,0.000,0.000,6,-64.35,-1.816,3.104,5236,815.0
39.006,-0.083,0.000,0.000,6,-64.26,-1.814,3.102,5236,815.0
39.008,0.037,0.000,0.000,6,-64.16,-1.812,3.100,5236,815.0
39.010,-0.083,0.000,0.000,6,-64.05,-1.809,3.097,5236,815.0
39.072,0.037,0.000,0.000,6,-63.94,-1.807,3.095,5236,815.0
39.074,-0.083,0.000,0.000,6,-63.86,-1.804,3.092,5236,815.0
39.076,0.037,0.000,0.000,6,-63.77,-1.801,3.090,5236,815.0
39.139,-0.083,0.000,0.000,6,-63.71,-1.797,3.087,5236,815.0
39.141,0.037,0.000,0.000,6,-63.65,-1.793,3.085,5236,815.0
39.143,-0.083,0.000,0.000,6,-63.59,-1.789,3.083,5236,815.0
39.204,0.037,0.000,0.000,6,-63.51,-1.786,3.081,5236,815.0
39.206,-0.083,0.000,0.000,6,-63.42,-1.782,3.078,5236,815.0
39.208,0.037,0.000,0.000,6,-63.30,-1.778,3.076,5236,815.0
39.210,-0.083,0.000,0.000,6,-63.20,-1.774,3.073,5236,815.0
39.270,0.037,0.000,0.000,6,-63.10,-1.771,3.071,5236,815.0
39.272,-0.083,0.000,0.000,6,-63.01,-1.767,3.068,5236,815.0
39.274,0.037,0.000,0.000,6,-62.93,-1.763,3.066,5236,815.0
39.335,-0.083,0.000,0.000,6,-62.86,-1.759,3.063,5236,815.0
39.337,0.037,0.000,0.000,6,-62.80,-1.754,3.061,5236,815.0
39.339,-0.083,0.000,0.000,6,-62.74,-1.750,3.059,5236,815.0
39.401,0.037,0.000,0.000,6,-62.66,-1.746,3.056,5236,815.0
39.403,-0.083,0.000,0.000,6,-62.58,-1.741,3.054,5236,815.0
39.405,0.037,0.000,0.000,6,-62.48,-1.736,3.051,5236,815.0
39.407,-0.083,0.000,0.000,6,-62.38,-1.731,3.049,5236,815.0
39.468,0.037,0.000,0.000,6,-62.28,-1.726,3.047,5236,815.0
39.470,-0.083,0.000,0.000,6,-62.18,-1.721,3.044,5236,815.0
39.472,0.037,0.000,0.000,6,-62.09,-1.716,3.042,5236,815.0
39.535,-0.083,0.000,0.000,6,-62.02,-1.711,3.040,5236,815.0
39.537,0.037,0.000,0.000,6,-61.96,-1.705,3.037,5236,815.0
39.539,-0.083,0.000,0.000,6,-61.89,-1.699,3.035,5236,815.0
39.601,0.037,0.000,0.000,6,-61.83,-1.694,3.032,5236,815.0
39.603,-0.083,0.000,0.000,6,-61.75,-1.688,3.030,5236,815.0
39.605,0.037,0.000,0.000,6,-61.65,-1.682,3.027,5236,815.0
39.607,-0.083,0.000,0.000,6,-61.55,-1.676,3.025,5236,815.0
39.669,0.037,0.000,0.000,6,-61.45,-1.669,3.023,5236,815.0
39.671,-0.083,0.000,0.000,6,-61.35,-1.663,3.021,5236,815.0
39.673,0.037,0.000,0.000,6,-61.26,-1.656,3.018,5236,815.0
39.735,-0.083,0.000,0.000,6,-61.19,-1.650,3.016,5236,815.0
39.737,0.037,0.000,0.000,6,-61.12,-1.643,3.014,5236,815.0
39.739,-0.083,0.000,0.000,6,-61.05,-1.636,3.011,5236,815.0
39.801,0.037,0.000,0.000,6,-60.98,-1.629,3.009,5236,815.0
39.803,-0.083,0.000,0.000,6,-60.91,-1.622,3.007,5236,815.0
39.805,0.037,0.000,0.000,6,-60.83,-1.614,3.004,5236,815.0
